YEAR,MO,DY,meantemp,humidity,wind_speed,meanpressure
2020,1,1,9.98,82.94,2.09,101.25
2020,1,2,13.44,84.7,2.25,101.19
2020,1,3,14,92.51,2.01,100.86
2020,1,4,14.31,85.76,1.95,100.77
2020,1,5,13.15,83.57,3.29,100.86
2020,1,6,13.04,78.36,2.54,101.03
2020,1,7,14.72,69.86,1.07,100.84
2020,1,8,16,74.25,2.33,100.54
2020,1,9,14.66,85.18,3.04,100.73
2020,1,10,10.91,79.69,3.33,101.01
2020,1,11,9.21,76.07,2.66,101.09
2020,1,12,10.07,74.03,2.47,100.81
2020,1,13,12.25,67.88,1.18,100.5
2020,1,14,14.23,67.74,1.91,100.5
2020,1,15,15.46,73.5,1.47,100.64
2020,1,16,16.84,77.25,2.5,100.48
2020,1,17,15.99,90.49,2.27,100.59
2020,1,18,15.76,82.8,2.24,100.77
2020,1,19,13.39,80.78,3.51,100.82
2020,1,20,12.06,78.55,3.06,100.89
2020,1,21,12.95,67.64,1.76,101.01
2020,1,22,13.7,70.16,2.37,101
2020,1,23,13.28,72.32,4.26,100.81
2020,1,24,12.06,68.67,4.03,100.78
2020,1,25,12.56,64.3,2.26,100.8
2020,1,26,12.32,69.03,2.82,100.64
2020,1,27,15.34,64.93,2.67,100.47
2020,1,28,16.09,69.99,2.95,100.35
2020,1,29,17.25,80.61,2.23,100.53
2020,1,30,14.91,74.51,3.75,100.68
2020,1,31,12.73,67.61,3.46,100.62
2020,2,1,13.26,63.54,2.82,100.86
2020,2,2,12.71,67.73,3.64,101.03
2020,2,3,12.65,63.28,2.71,101.02
2020,2,4,14.19,62.92,1.73,100.81
2020,2,5,14.61,64.22,3.14,100.7
2020,2,6,14.64,62.99,2.85,100.76
2020,2,7,14.62,61.4,1.99,100.91
2020,2,8,13.43,61.79,2.94,101.09
2020,2,9,13.31,63.3,2.61,101.18
2020,2,10,13.66,62.07,2.77,101.03
2020,2,11,13.9,59.15,2.62,101.03
2020,2,12,14.21,61.56,3.11,100.97
2020,2,13,16.1,66.51,3.82,100.6
2020,2,14,18.67,63.52,5.03,100.19
2020,2,15,16.8,61.42,3.95,100.41
2020,2,16,17.77,52.6,2.2,100.7
2020,2,17,16.82,56.37,2.6,100.79
2020,2,18,17.2,51.36,3.67,100.59
2020,2,19,18.8,43.83,2.04,100.67
2020,2,20,18.81,44.86,2.53,100.66
2020,2,21,19.83,50.73,3.45,100.78
2020,2,22,19.99,67.04,3.28,100.97
2020,2,23,21.18,64.8,2.07,100.78
2020,2,24,21.65,65.24,1.3,100.45
2020,2,25,20.26,66.83,1.9,100.38
2020,2,26,18.17,74.49,2.06,100.59
2020,2,27,19.02,69.87,1.94,100.67
2020,2,28,20.03,57.6,1.73,100.55
2020,2,29,20.71,55.34,1.82,100.4
2020,3,1,22.23,54.19,1.56,100.37
2020,3,2,22.95,59.82,2.02,100.33
2020,3,3,23.84,54.05,1.86,100.2
2020,3,4,24.09,48.86,1.04,100.18
2020,3,5,24.17,51.19,2.45,100.09
2020,3,6,23.78,63.11,3.35,100.14
2020,3,7,23.81,63.35,2.87,100.35
2020,3,8,21.78,56.07,3.47,100.49
2020,3,9,20.91,47.57,4.3,100.32
2020,3,10,21.69,46.72,3.03,100.32
2020,3,11,20.25,72.32,2.51,100.35
2020,3,12,24.74,64.95,2.2,100.35
2020,3,13,23.62,74.24,2.52,100.43
2020,3,14,21.63,76.89,4.21,100.54
2020,3,15,21.16,67.93,2.29,100.53
2020,3,16,21.91,55.67,2.87,100.57
2020,3,17,22.05,49.82,2.87,100.63
2020,3,18,22.99,47.2,3.26,100.48
2020,3,19,24.28,44.47,3.3,100.24
2020,3,20,24.37,49.75,3.26,100.16
2020,3,21,24.87,49.93,2.62,100.22
2020,3,22,25.27,54.22,2.03,100.28
2020,3,23,26.38,44.86,2,100.2
2020,3,24,26.25,47.88,2.42,100.1
2020,3,25,27.87,44.03,3.51,100
2020,3,26,26.95,46.37,4.55,100.09
2020,3,27,28.34,47.12,3.82,100.22
2020,3,28,27.32,50.89,4.61,100.23
2020,3,29,26,37.95,5.11,100.07
2020,3,30,26.23,35.64,4.88,100.14
2020,3,31,27.42,36.76,3.72,100.11
2020,4,1,30.03,31.35,2.62,99.9
2020,4,2,29.93,32.02,3.44,99.81
2020,4,3,26.81,31.21,5.01,100.11
2020,4,4,26.4,27.09,4.41,100.17
2020,4,5,27.32,26.55,4.2,100.2
2020,4,6,29.11,27.66,5.15,100.02
2020,4,7,29.14,27.69,4.29,99.83
2020,4,8,29.7,25.67,2.82,99.9
2020,4,9,30.57,25.5,2.61,99.96
2020,4,10,29.76,26.66,3.62,100.11
2020,4,11,31.1,27.08,3.28,100.19
2020,4,12,31.4,26.71,3.78,99.99
2020,4,13,32.8,23.83,2.6,99.83
2020,4,14,34.01,24.24,1.92,99.86
2020,4,15,34.35,24.85,3.59,99.89
2020,4,16,33.5,22.17,3.67,99.66
2020,4,17,34.34,21.64,3.12,99.64
2020,4,18,33.44,26.39,2.82,99.79
2020,4,19,33.5,26.94,3.48,99.69
2020,4,20,32.67,31.37,1.61,99.79
2020,4,21,30.37,37.72,3.17,99.88
2020,4,22,31.14,33.16,2.68,99.83
2020,4,23,31.35,27.83,3.21,99.75
2020,4,24,31.41,27.69,2.48,99.66
2020,4,25,31.63,27.61,2.14,99.71
2020,4,26,28.43,51.84,3.66,99.96
2020,4,27,28.97,52.72,2.62,100.14
2020,4,28,29.57,49.7,2.15,100.09
2020,4,29,29.61,47.55,2.04,99.93
2020,4,30,31.38,40.37,1.14,99.94
2020,5,1,31.61,45.5,2.06,99.8
2020,5,2,30.46,50.97,2.82,99.72
2020,5,3,31.12,48.53,3,99.72
2020,5,4,31.57,46.67,2.04,99.84
2020,5,5,31.55,47.81,1.81,99.79
2020,5,6,30.93,46.1,2.7,99.83
2020,5,7,30.93,41.79,3.04,99.81
2020,5,8,31.64,38.78,3.32,99.7
2020,5,9,33.2,34.1,2.29,99.73
2020,5,10,33.81,35.35,3.26,99.74
2020,5,11,31.76,46.93,1.96,99.92
2020,5,12,33,39.74,2.85,99.8
2020,5,13,32.9,39.89,2.7,99.64
2020,5,14,32.99,41.16,2.7,99.64
2020,5,15,34.76,36.22,3.75,99.41
2020,5,16,35.27,31.07,4.47,99.33
2020,5,17,34.66,26.7,4.18,99.31
2020,5,18,35.44,25.25,2.76,99.13
2020,5,19,34.8,29.59,2.68,99.08
2020,5,20,34.15,26.82,4.13,98.96
2020,5,21,34.27,33.38,3.68,99
2020,5,22,35.85,16.18,2.96,99.09
2020,5,23,36.36,23.56,3.51,99.25
2020,5,24,38.33,20.2,3.67,99.19
2020,5,25,39.51,15.49,4.87,99.12
2020,5,26,40.09,14.42,5.55,99.02
2020,5,27,40.74,15.88,5.27,98.94
2020,5,28,36.59,35.23,6.35,99.22
2020,5,29,34.9,38.49,4.94,99.4
2020,5,30,36.11,33.79,2.85,99.47
2020,5,31,34.49,45.66,2.12,99.63
2020,6,1,33.46,48.55,3.54,99.66
2020,6,2,32.47,45.99,3.03,99.66
2020,6,3,32.12,47.12,3.75,99.54
2020,6,4,30.17,55.54,3.22,99.5
2020,6,5,29.34,71.12,4.8,99.16
2020,6,6,29.55,63.51,5.61,99.3
2020,6,7,32.08,53.04,2.15,99.28
2020,6,8,32.97,52.51,2.73,99.24
2020,6,9,34.13,47.74,1.76,99.24
2020,6,10,35.4,44.47,1.45,99.11
2020,6,11,35.52,48.16,3.33,98.92
2020,6,12,34.53,52.69,3.69,98.86
2020,6,13,33.11,58.74,4.16,98.91
2020,6,14,31.82,66.64,3.49,99.09
2020,6,15,31.4,70.92,1.82,98.89
2020,6,16,30.89,73.72,1.41,98.71
2020,6,17,30.68,72.54,1.75,98.75
2020,6,18,31.33,67.61,2.26,98.86
2020,6,19,31.23,70.02,1.93,98.96
2020,6,20,29.94,80.93,2.79,99.01
2020,6,21,29.25,79.36,5.78,98.94
2020,6,22,29.71,79.37,2.9,98.94
2020,6,23,30.6,75.36,4.68,99.15
2020,6,24,31.17,74.82,2.1,99.28
2020,6,25,28.93,86.06,3.82,99.21
2020,6,26,30.01,80.89,5.21,99.1
2020,6,27,28.97,80.25,6.85,99.1
2020,6,28,29.18,81.99,5.46,99.07
2020,6,29,29.85,81.17,2.73,99.16
2020,6,30,29.02,84.59,1.93,99.26
2020,7,1,30.11,79.51,1.72,99.12
2020,7,2,30.97,76.3,1.93,98.92
2020,7,3,30.66,80.11,2.15,98.92
2020,7,4,30.11,83.11,2.89,98.93
2020,7,5,28.78,87.73,3.23,98.87
2020,7,6,29.54,85.3,3.1,98.77
2020,7,7,28.95,90.74,3.67,99.12
2020,7,8,28.73,86.04,2.84,99.28
2020,7,9,28.8,87.39,3.5,99.03
2020,7,10,28,90.21,5.95,98.95
2020,7,11,28.72,86.84,5.73,98.91
2020,7,12,29.61,83.15,4.77,99.03
2020,7,13,29.37,85.58,3.42,99.02
2020,7,14,30.11,81.91,1.53,99.12
2020,7,15,28.94,87.9,3.51,99.17
2020,7,16,29.79,82.14,3.14,99.04
2020,7,17,29.91,81.87,3,99.13
2020,7,18,29.29,85.28,1.55,99.25
2020,7,19,28.08,91.35,3.86,99.18
2020,7,20,27.9,90.78,3.49,99.02
2020,7,21,28.23,88.94,3.62,99.26
2020,7,22,28.43,86.7,3.95,99.26
2020,7,23,29.31,83.53,1.66,99.25
2020,7,24,28.26,84.35,1.52,99.52
2020,7,25,28.88,80.43,1.63,99.67
2020,7,26,29.85,81.04,1.58,99.62
2020,7,27,28.63,87.35,2.82,99.42
2020,7,28,28.68,88.08,2.64,99.31
2020,7,29,28.13,90.76,1.88,99.36
2020,7,30,29.19,83.06,1.12,99.45
2020,7,31,28.84,84.45,2.35,99.39
2020,8,1,29.48,81.72,1.32,99.32
2020,8,2,30.22,80.15,1.86,99.03
2020,8,3,29.87,83.91,2.89,98.69
2020,8,4,29.45,87.14,2.39,98.47
2020,8,5,29.12,88.52,3.6,98.49
2020,8,6,29.21,86.22,6.47,98.85
2020,8,7,29.83,81.01,1.93,99.16
2020,8,8,30.49,77.85,0.88,98.99
2020,8,9,29.49,85.3,2.85,98.9
2020,8,10,29.41,87.37,3.17,98.99
2020,8,11,29.19,86.34,1.98,99
2020,8,12,28.93,87.63,2.28,99.03
2020,8,13,28.74,85.55,1.06,98.95
2020,8,14,28.75,90.14,2.75,98.79
2020,8,15,28.76,86.09,2.92,98.86
2020,8,16,28.47,88.57,3.67,98.86
2020,8,17,29.22,86.55,2.92,98.86
2020,8,18,30,83.9,2.36,98.92
2020,8,19,29.91,84.05,1.95,98.93
2020,8,20,28.39,87.86,6.02,99
2020,8,21,27.82,87.4,7.58,99.17
2020,8,22,27.77,89.12,5.17,99.27
2020,8,23,28.4,86.06,2.98,99.33
2020,8,24,27.88,84.82,1.98,99.4
2020,8,25,28.41,85.47,2.43,99.49
2020,8,26,28.64,85.86,2.73,99.46
2020,8,27,28.1,87.56,4.69,99.21
2020,8,28,28.05,86.91,7.55,98.93
2020,8,29,29.12,83.88,6.15,99.04
2020,8,30,28.72,82.93,2.78,99.43
2020,8,31,28.74,83.73,3.18,99.56
2020,9,1,28.4,88.16,3.3,99.58
2020,9,2,28.03,88.5,2.28,99.69
2020,9,3,28.98,86.97,3.31,99.74
2020,9,4,28.94,83.41,2.78,99.72
2020,9,5,28.69,83.52,2.57,99.56
2020,9,6,28.78,85.87,2.22,99.44
2020,9,7,29.04,84.3,2.61,99.52
2020,9,8,29.21,80.56,2.5,99.55
2020,9,9,29.61,79.36,1.54,99.54
2020,9,10,29.38,83.83,1.87,99.23
2020,9,11,28.33,89.33,1.87,99.32
2020,9,12,28.94,79.6,0.94,99.59
2020,9,13,28.79,85.66,1.52,99.6
2020,9,14,28.93,85.42,1.15,99.5
2020,9,15,27.57,88.91,2.18,99.48
2020,9,16,29.3,80.13,0.99,99.45
2020,9,17,29.89,79.27,1.84,99.36
2020,9,18,29.5,81.61,1.59,99.34
2020,9,19,28.33,87.04,2.53,99.24
2020,9,20,28.72,84.96,2.06,99.08
2020,9,21,28.07,90.74,3.14,99.03
2020,9,22,27.52,90.87,5.12,99.08
2020,9,23,28.1,88.11,2.03,99.15
2020,9,24,27.74,88.93,2.87,99.27
2020,9,25,27.13,88.91,4.14,99.28
2020,9,26,27.28,77.38,2.64,99.35
2020,9,27,26.92,71.61,1.86,99.61
2020,9,28,27.28,82.4,1.84,99.7
2020,9,29,27.23,81.48,2.23,99.6
2020,9,30,26.77,77.78,2.28,99.48
2020,10,1,26.11,73.26,2.19,99.49
2020,10,2,26.16,72.07,1.42,99.57
2020,10,3,27.03,73.07,0.91,99.64
2020,10,4,27.91,80.84,1.11,99.71
2020,10,5,28.44,78.61,1.21,99.64
2020,10,6,28.44,78.97,1.53,99.72
2020,10,7,27.57,75.62,1.97,99.89
2020,10,8,26.71,72.23,1.49,99.95
2020,10,9,27.05,66.6,1.4,99.99
2020,10,10,27.73,66.8,0.98,99.82
2020,10,11,27.75,71.24,1.3,99.67
2020,10,12,27.71,77.2,1.85,99.54
2020,10,13,28.1,83.85,2.64,99.58
2020,10,14,28.27,84.55,2.63,99.68
2020,10,15,28.39,80.22,2.13,99.73
2020,10,16,28.54,77.09,1.98,99.68
2020,10,17,29.08,70.35,1.28,99.76
2020,10,18,28.73,65.78,1.67,99.78
2020,10,19,27.54,69.78,2.21,99.76
2020,10,20,27.46,68.62,2.32,99.73
2020,10,21,26.8,54.55,1.58,99.83
2020,10,22,27.02,60.08,0.95,99.68
2020,10,23,26.8,71.88,1.94,99.65
2020,10,24,24.95,59.08,3.4,99.8
2020,10,25,24.96,62.68,2.83,100.07
2020,10,26,25.16,66.07,3.34,100.16
2020,10,27,23.95,62.95,2.66,100.15
2020,10,28,23.4,60.68,2.76,100.26
2020,10,29,23.72,56.68,2.08,100.29
2020,10,30,23.25,57.7,2.92,100.23
2020,10,31,23.93,51.82,3.37,100.22
2020,11,1,22.96,50.97,3.45,100.29
2020,11,2,21.69,49.93,3.69,100.4
2020,11,3,21.21,49.93,3.76,100.41
2020,11,4,21.2,49.5,3.61,100.31
2020,11,5,21.29,50.47,2.78,100.43
2020,11,6,20.73,52,2.4,100.67
2020,11,7,20.83,51.74,2.35,100.75
2020,11,8,21.37,48.86,1.67,100.77
2020,11,9,20.56,53.93,1.92,100.62
2020,11,10,20.91,56.37,2.18,100.53
2020,11,11,22.37,66.14,1.94,100.71
2020,11,12,25.03,60.02,1.14,100.77
2020,11,13,24.49,59.57,1.97,100.66
2020,11,14,25.01,58.15,1.64,100.52
2020,11,15,25.33,63.55,1.32,100.51
2020,11,16,24.27,65.77,2.66,100.47
2020,11,17,22.72,68.3,3.22,100.37
2020,11,18,23.08,62.9,1.79,100.33
2020,11,19,19.78,81.07,1.86,100.35
2020,11,20,22.01,70.12,2.83,100.34
2020,11,21,18.57,46.95,4.16,100.47
2020,11,22,16.99,48.09,3.33,100.64
2020,11,23,18.11,42.76,1.84,100.73
2020,11,24,18.49,45.66,1.82,100.65
2020,11,25,19.17,50.24,1.73,100.65
2020,11,26,20.89,50.6,1.48,100.71
2020,11,27,20.85,47.23,2.58,100.89
2020,11,28,19.12,53.74,3.3,100.88
2020,11,29,18.46,52.22,3,100.78
2020,11,30,18.15,52.31,2.83,100.71
2020,12,1,17.82,48.97,2.51,100.71
2020,12,2,17.05,52.4,3.21,100.52
2020,12,3,17.82,54.13,3.11,100.42
2020,12,4,18.73,51.89,2.72,100.33
2020,12,5,19.29,49.94,2.52,100.42
2020,12,6,20.11,50.44,2.36,100.6
2020,12,7,19.85,53.4,3.08,100.7
2020,12,8,18.86,55.38,2.64,100.73
2020,12,9,19.03,51.92,3.27,100.55
2020,12,10,19.64,52.73,3.6,100.44
2020,12,11,20.41,50.34,3.65,100.48
2020,12,12,21.33,53.72,3.75,100.46
2020,12,13,20.63,62.48,4.51,100.38
2020,12,14,19.33,61.12,3.5,100.51
2020,12,15,17.76,59.54,2.73,100.74
2020,12,16,16.21,74.75,3.5,100.91
2020,12,17,16.54,52.38,4.23,100.78
2020,12,18,13.16,42.29,4.19,100.8
2020,12,19,12.92,40.54,3.72,100.9
2020,12,20,12.85,43.58,3.58,100.91
2020,12,21,13.26,45.39,2.83,100.71
2020,12,22,15,45.85,2.79,100.57
2020,12,23,15.43,47.41,2.92,100.49
2020,12,24,15.47,46.45,2.98,100.49
2020,12,25,15.15,44.63,4.02,100.55
2020,12,26,14.65,44.57,3.49,100.63
2020,12,27,16.14,40.76,2.41,100.48
2020,12,28,18.19,44.53,2.39,100.38
2020,12,29,15.9,50.11,3.27,100.54
2020,12,30,14.02,36.37,3.47,100.75
2020,12,31,14.55,39.34,3.62,100.74
2021,1,1,16.54,43.28,2.39,100.74
2021,1,2,18.37,49.59,2.24,100.63
2021,1,3,19.7,48.16,2.25,100.44
2021,1,4,22.28,50.92,1.97,100.47
2021,1,5,22.77,49.93,2.2,100.5
2021,1,6,22.47,50.04,2.89,100.37
2021,1,7,21.43,50.63,3.81,100.27
2021,1,8,21.22,54.68,3.34,100.33
2021,1,9,22.1,54.19,3.64,100.29
2021,1,10,22.1,63.99,4.55,100.29
2021,1,11,19.52,56.55,4.2,100.51
2021,1,12,15.91,38.49,3.52,100.65
2021,1,13,13.93,34.5,3.42,100.61
2021,1,14,13.07,35.71,2.8,100.63
2021,1,15,13.4,34.59,2.67,100.46
2021,1,16,14.88,28.87,2.9,100.34
2021,1,17,15.21,31.42,2.14,100.6
2021,1,18,15.53,44.19,1.56,100.61
2021,1,19,17.94,39.6,2.33,100.32
2021,1,20,17.59,44.68,4.35,100.31
2021,1,21,15.99,38.54,4.37,100.36
2021,1,22,16.05,33.66,2.32,100.53
2021,1,23,17.35,31.58,2.23,100.39
2021,1,24,18.65,34.86,2.13,100.42
2021,1,25,17.54,41.96,1.96,100.65
2021,1,26,16.19,44.98,2.73,100.66
2021,1,27,14.85,31.91,3.04,100.75
2021,1,28,15.76,29.17,2.32,100.76
2021,1,29,15.65,29.03,2.77,100.76
2021,1,30,13.91,28.88,3.82,100.68
2021,1,31,15.25,26.93,3.17,100.78
2021,2,1,16.46,25.77,2.95,100.92
2021,2,2,18.36,25.26,2.5,100.82
2021,2,3,20.14,26,2.14,100.7
2021,2,4,20.35,30.1,2.44,100.62
2021,2,5,19.64,39.17,3.82,100.52
2021,2,6,18.98,46.23,3.06,100.64
2021,2,7,17.24,35.81,3.57,100.7
2021,2,8,17.43,32.58,3.3,100.75
2021,2,9,19.06,30.94,2.64,100.52
2021,2,10,20.95,30.14,2.01,100.34
2021,2,11,21.45,31.05,2.62,100.34
2021,2,12,21.06,29.04,2.53,100.43
2021,2,13,21.3,27.34,1.92,100.49
2021,2,14,21.26,26.33,2.71,100.46
2021,2,15,21.66,25.49,2.78,100.31
2021,2,16,22.02,29.84,2.5,100.29
2021,2,17,22.56,36.5,1.82,100.39
2021,2,18,22.51,30.44,2.04,100.64
2021,2,19,22.11,27.71,2.02,100.81
2021,2,20,21.75,22.87,2.43,100.81
2021,2,21,21.56,21.75,3.37,100.68
2021,2,22,22.2,22.98,3.3,100.54
2021,2,23,23.37,22.25,3.17,100.33
2021,2,24,24.54,20.81,3.81,100.13
2021,2,25,25.26,21.32,4.86,99.95
2021,2,26,25.39,22.36,4.03,99.76
2021,2,27,26.78,21.04,4.66,99.75
2021,2,28,27.26,25.2,3.54,99.87
2021,3,1,27.06,22.57,3.72,100.16
2021,3,2,23.8,15.01,4.49,100.35
2021,3,3,23.57,13.82,3.63,100.26
2021,3,4,26.04,14.19,3.41,100.19
2021,3,5,26.31,16.72,3.58,100.04
2021,3,6,25.98,14.88,4.3,100.13
2021,3,7,27.29,13.26,2.48,100.17
2021,3,8,27.17,19.76,2.66,100.23
2021,3,9,28.29,20.86,2.54,100.19
2021,3,10,29.96,16.74,1.87,100.19
2021,3,11,29.58,17.92,1.83,100.29
2021,3,12,29.01,23.23,2.13,100.44
2021,3,13,27.25,28.47,2.95,100.49
2021,3,14,27.63,29.69,3.54,100.24
2021,3,15,27.75,25.36,3.62,100.15
2021,3,16,27.94,23.08,3.87,100.13
2021,3,17,28.09,21.1,4.16,100.06
2021,3,18,29.46,17.54,3.23,100.04
2021,3,19,29.89,20.7,3.29,99.97
2021,3,20,29.82,28.72,3.74,99.84
2021,3,21,29.72,22.12,3.05,99.88
2021,3,22,31.11,18.55,2.68,100.1
2021,3,23,31.54,20.5,3.26,100.18
2021,3,24,30.23,29.1,4.51,100.18
2021,3,25,29.45,17.87,5.11,100.09
2021,3,26,27.73,14.84,4.58,100.1
2021,3,27,28.62,18.69,3.11,99.99
2021,3,28,30.79,18.55,2.39,99.76
2021,3,29,31.72,17.6,3.15,99.55
2021,3,30,32.62,15.71,4.76,99.04
2021,3,31,31.23,9.28,5.81,98.99
2021,4,1,29.44,8.42,5.11,99.21
2021,4,2,28.59,6.93,3.66,99.57
2021,4,3,28.56,7.43,3.21,99.82
2021,4,4,29.09,6.92,3.65,99.9
2021,4,5,30.55,8.39,2.62,99.92
2021,4,6,32.32,9.8,2.56,99.79
2021,4,7,33.37,13.44,3.7,99.74
2021,4,8,32.68,19.34,2.57,99.65
2021,4,9,32.03,17.75,2.11,99.78
2021,4,10,32.71,14.6,2.08,99.97
2021,4,11,32.2,10.45,3.5,100.04
2021,4,12,32.33,9.62,4.01,100.07
2021,4,13,33.51,12.18,4.28,99.9
2021,4,14,33.37,11.74,3.99,99.76
2021,4,15,33.51,12.94,4.2,99.71
2021,4,16,34.27,15.32,2.96,99.66
2021,4,17,34.2,17.11,2.06,99.76
2021,4,18,33.4,18.03,4.28,99.92
2021,4,19,32.56,15.67,5.33,99.65
2021,4,20,33.99,14.24,3.11,99.53
2021,4,21,32.6,22.8,4.84,99.72
2021,4,22,30.91,31.52,3.63,99.98
2021,4,23,31.85,20.36,3.47,99.89
2021,4,24,33.67,17.82,3.71,99.66
2021,4,25,32.42,12.98,4.1,99.8
2021,4,26,32.56,15.68,2.85,99.74
2021,4,27,34.17,10.21,2.71,99.72
2021,4,28,36.07,10.75,2.49,99.74
2021,4,29,35.36,12.11,2.49,99.69
2021,4,30,34.71,18.83,2.47,99.66
2021,5,1,34.42,20.49,2.28,99.71
2021,5,2,33.99,20.79,2.81,99.79
2021,5,3,32.51,27.8,2.96,99.69
2021,5,4,33.2,24.91,2.49,99.63
2021,5,5,33.61,26.34,3.8,99.63
2021,5,6,33.75,29.37,3.57,99.73
2021,5,7,34.67,28.34,2.95,99.82
2021,5,8,34.18,29.65,2.19,99.79
2021,5,9,33.72,29.79,2.3,99.62
2021,5,10,33.6,30.79,2.34,99.53
2021,5,11,33.59,27.48,2.52,99.48
2021,5,12,33.13,23.94,3.07,99.33
2021,5,13,31.12,37.95,3.74,99.42
2021,5,14,32.83,34.8,2.41,99.38
2021,5,15,35.15,28.23,1.35,99.41
2021,5,16,36.19,27.51,1.78,99.51
2021,5,17,36.81,28.67,2.43,99.5
2021,5,18,33.9,43.54,1.98,99.56
2021,5,19,29.66,60.3,2.26,99.55
2021,5,20,27.48,84.94,3.45,99.45
2021,5,21,29.75,66.04,3.22,99.51
2021,5,22,31.11,52.16,3.3,99.41
2021,5,23,31.98,47.3,2.87,99.42
2021,5,24,30.91,45.7,4.59,99.38
2021,5,25,31.38,43.9,3.64,99.09
2021,5,26,29.72,69.5,3.38,99
2021,5,27,26.72,81.44,7.51,99
2021,5,28,27.53,79.44,7.72,98.8
2021,5,29,28.78,73.41,3.54,99.3
2021,5,30,29.81,75.34,3.26,99.3
2021,5,31,32.8,58.85,2.43,99.09
2021,6,1,32.82,59.09,2.55,99.24
2021,6,2,31.72,61.19,1.83,99.45
2021,6,3,33.24,53.55,1.65,99.51
2021,6,4,33.7,53.35,3.43,99.5
2021,6,5,33.23,52.62,4.81,99.43
2021,6,6,33.1,54.05,4.74,99.38
2021,6,7,34.47,50.44,6.03,99.12
2021,6,8,34.66,50.91,5.38,98.91
2021,6,9,33.17,57.15,1.24,98.92
2021,6,10,32.87,57.44,2.9,98.87
2021,6,11,32.23,65.7,1.84,98.77
2021,6,12,30.81,71.31,3.55,98.92
2021,6,13,30.55,73.55,3.94,98.84
2021,6,14,29.48,82.53,3.91,98.64
2021,6,15,28.61,80.84,2.72,98.56
2021,6,16,29.33,77.24,3.26,98.82
2021,6,17,28.9,82.8,2.18,98.9
2021,6,18,28.73,84.61,2.18,98.85
2021,6,19,28.42,83.08,3.51,99.05
2021,6,20,28.54,82.46,4.25,99.1
2021,6,21,29.31,79.97,4.17,99.14
2021,6,22,30.12,77.75,3.04,99.13
2021,6,23,30.72,76.58,1.69,99.19
2021,6,24,29.71,82.46,1.41,99.15
2021,6,25,29.08,82.65,1.85,99.07
2021,6,26,27.81,91,2.24,99.17
2021,6,27,28.58,85.98,1.14,99.46
2021,6,28,29.63,81.86,2.16,99.38
2021,6,29,29.47,82.45,4,99.11
2021,6,30,30.31,79.36,5.47,98.85
2021,7,1,30.39,79.83,6.97,98.75
2021,7,2,28.23,82.54,6.01,98.97
2021,7,3,29.79,78.26,4.23,99.09
2021,7,4,30.22,74.93,2.48,99.3
2021,7,5,30.67,73.69,1.69,99.29
2021,7,6,31.24,73.94,2.53,99.08
2021,7,7,31.62,73.49,3.03,99.03
2021,7,8,30.51,81.75,2.54,99.1
2021,7,9,29.63,82.81,1.91,99.08
2021,7,10,30.51,80.13,3.79,99.04
2021,7,11,29.47,84.32,4.93,99.28
2021,7,12,29.44,82.68,4.1,99.44
2021,7,13,30.49,76.43,3.64,99.3
2021,7,14,29.68,80.46,3.7,99.25
2021,7,15,30.43,76.71,2.85,99.34
2021,7,16,30.39,77.43,2.03,99.49
2021,7,17,29.57,84.87,2.28,99.37
2021,7,18,30.04,80.75,1.36,99.17
2021,7,19,28.54,88.3,1.81,99.05
2021,7,20,29.01,85.32,2.82,99.04
2021,7,21,28.29,88.87,2.43,98.86
2021,7,22,29.17,84.82,1.39,98.67
2021,7,23,30.18,83.97,3.81,98.71
2021,7,24,29.28,87.25,4.4,98.71
2021,7,25,30.35,82.29,3.19,98.77
2021,7,26,29.84,82.39,3.62,98.72
2021,7,27,29.16,86.18,2.2,98.56
2021,7,28,28.13,88.78,4.27,98.69
2021,7,29,28.42,87.25,3.1,98.74
2021,7,30,28.85,87.06,1.91,98.81
2021,7,31,27.77,91.44,6.4,98.53
2021,8,1,28.98,86.28,4.12,98.64
2021,8,2,28.72,84.26,4.42,98.83
2021,8,3,29.05,84.46,3.59,99.08
2021,8,4,28.72,84.54,2.51,99.18
2021,8,5,29.14,82.3,2.33,99.02
2021,8,6,29.1,85.56,2.89,98.99
2021,8,7,29.87,81.29,1.47,99.16
2021,8,8,28.51,88.48,2.81,99.38
2021,8,9,29.04,87.47,2.68,99.35
2021,8,10,28.05,93.12,3.66,99.08
2021,8,11,28.21,91.56,4.52,99.2
2021,8,12,28.11,88.99,3.99,99.37
2021,8,13,28.79,86.25,3.82,99.24
2021,8,14,29.12,86.92,3.78,99.04
2021,8,15,29.37,85.12,3,99.15
2021,8,16,29.99,80.35,1.73,99.38
2021,8,17,29.98,79.58,1.17,99.41
2021,8,18,28.95,83.6,1.36,99.26
2021,8,19,29.13,86.05,0.99,99.14
2021,8,20,28.96,87.33,2.07,99.33
2021,8,21,29.25,83.73,2.34,99.65
2021,8,22,28.57,85.25,3.4,99.58
2021,8,23,28.7,87.52,3.42,99.44
2021,8,24,28.41,88.77,4.07,99.35
2021,8,25,28.66,89.52,4.88,99.05
2021,8,26,27.64,92.07,4.21,99.02
2021,8,27,27.67,89.17,2.36,99.27
2021,8,28,28.42,84.23,1.51,99.26
2021,8,29,27.75,90.58,3.51,99.3
2021,8,30,28.32,86.88,3.61,99.52
2021,8,31,27.72,88.69,2.8,99.72
2021,9,1,29.06,82.37,1.45,99.69
2021,9,2,28.9,85.48,2.56,99.51
2021,9,3,28.62,85.26,1.76,99.44
2021,9,4,28.45,84.27,2.44,99.36
2021,9,5,29.71,77.83,0.99,99.33
2021,9,6,28.92,85.36,2.56,99.47
2021,9,7,28.17,89.14,5.22,99.55
2021,9,8,28.17,85.71,3.59,99.55
2021,9,9,28.81,83.84,1.74,99.42
2021,9,10,28.81,84.92,2.69,99.41
2021,9,11,28.41,88.29,3.26,99.37
2021,9,12,28.66,83.13,2.11,99.18
2021,9,13,28.18,88.69,4.41,99.05
2021,9,14,27.45,89.66,9.35,99.07
2021,9,15,27.01,93.79,7.74,99.27
2021,9,16,26.74,93.26,5.93,99.27
2021,9,17,27.61,89.42,3.13,99.26
2021,9,18,29.02,82.99,1.36,99.52
2021,9,19,29.14,82.34,1.32,99.78
2021,9,20,29.08,84.6,1.38,99.69
2021,9,21,28.18,87.38,2.31,99.58
2021,9,22,27.51,87.8,3.75,99.46
2021,9,23,27.36,87.74,4.2,99.57
2021,9,24,28.43,82.05,1.83,99.69
2021,9,25,28.44,80.04,1.53,99.61
2021,9,26,28.59,84.41,2,99.54
2021,9,27,27.66,90.12,2.77,99.54
2021,9,28,27.69,86.53,2.92,99.71
2021,9,29,26.71,89.7,3.02,99.81
2021,9,30,27.53,89.58,3.29,99.81
2021,10,1,26.91,91.27,4.25,99.72
2021,10,2,26.69,91.83,5.55,99.66
2021,10,3,27.47,88.02,3.38,99.62
2021,10,4,27.99,86.89,2.65,99.61
2021,10,5,28.41,83.12,1.28,99.84
2021,10,6,27.95,84.34,2,99.8
2021,10,7,27.42,86.72,2.49,99.62
2021,10,8,26.51,85.72,2.86,99.57
2021,10,9,25.88,83.72,2.52,99.63
2021,10,10,26.07,81.09,2.52,99.7
2021,10,11,25.43,79.86,2.33,99.66
2021,10,12,25.83,80.53,2.32,99.64
2021,10,13,26.02,81.24,2.29,99.6
2021,10,14,26.01,80.12,2.35,99.63
2021,10,15,25.85,77.42,2.47,99.49
2021,10,16,27.02,84.42,1.57,99.57
2021,10,17,26.96,91.23,3.08,99.67
2021,10,18,26.69,91.89,4.11,99.48
2021,10,19,27.07,88.7,2.61,99.65
2021,10,20,24.22,83.19,4.5,100.09
2021,10,21,22.42,81.95,3.47,100.09
2021,10,22,22.25,81.5,3.48,100.13
2021,10,23,23.09,81.23,2.42,100.37
2021,10,24,24.23,75.13,1.92,100.43
2021,10,25,23.23,78.21,2.71,100.32
2021,10,26,22.59,81.89,2.67,100.29
2021,10,27,21.9,80.18,2.87,100.46
2021,10,28,20.79,72.26,2.59,100.53
2021,10,29,20.48,73.89,2.26,100.68
2021,10,30,19.52,73.17,2.88,100.59
2021,10,31,19.88,70.65,3.05,100.46
2021,11,1,20.29,68.14,2.12,100.44
2021,11,2,21.75,60.5,0.85,100.54
2021,11,3,20.15,70.86,1.91,100.5
2021,11,4,20.26,80.29,2.56,100.45
2021,11,5,19.95,79.3,2.6,100.38
2021,11,6,19.62,77.76,3.54,100.24
2021,11,7,19.2,79.14,3.18,100.25
2021,11,8,18.76,81.72,2.86,100.37
2021,11,9,18.44,80.58,2.65,100.44
2021,11,10,18.63,80.97,2.25,100.39
2021,11,11,18.97,79.86,1.84,100.35
2021,11,12,19.36,78.72,2.17,100.42
2021,11,13,18.93,76.47,2.43,100.39
2021,11,14,17.41,75.53,2.37,100.32
2021,11,15,17.51,76.2,2.32,100.2
2021,11,16,16.62,72.94,2.53,100.32
2021,11,17,17.09,74.18,1.43,100.57
2021,11,18,17.84,74.91,2.08,100.4
2021,11,19,17.86,75.72,2.57,100.2
2021,11,20,19.31,75.2,2.89,100.19
2021,11,21,20.78,78.02,3.45,100.27
2021,11,22,20.11,70.14,4.06,100.23
2021,11,23,17.26,62.97,3.53,100.3
2021,11,24,17.46,60,1.84,100.46
2021,11,25,17.71,63.4,2.03,100.49
2021,11,26,16.25,72.61,2.26,100.57
2021,11,27,17.34,71.59,1.7,100.68
2021,11,28,17.8,72.06,1.89,100.76
2021,11,29,17.16,75.04,2.47,100.75
2021,11,30,17.16,69.14,2.94,100.72
2021,12,1,17.51,69.37,2.13,100.69
2021,12,2,16.68,74.53,2.58,100.65
2021,12,3,17.01,73.84,2.56,100.71
2021,12,4,18.7,69.66,1.78,100.64
2021,12,5,20.17,78.77,1.93,100.6
2021,12,6,20.81,82.27,2.2,100.46
2021,12,7,19.88,68.94,4.02,100.61
2021,12,8,16.62,60.39,3.37,100.8
2021,12,9,17.71,63.48,2.1,100.97
2021,12,10,16.83,63.78,2.87,100.93
2021,12,11,15.12,68.08,3.2,100.92
2021,12,12,15.05,68.85,2.02,101.01
2021,12,13,14.48,70.15,2.14,100.88
2021,12,14,15.1,72.11,2.26,100.75
2021,12,15,15.63,76.12,3.48,100.7
2021,12,16,16.54,73.97,3.1,100.74
2021,12,17,16.85,75.38,3.48,100.76
2021,12,18,13.72,57.83,4.48,100.86
2021,12,19,10.68,60.74,3.86,100.92
2021,12,20,10.84,58.45,3.35,100.91
2021,12,21,10.97,57.27,3.1,100.77
2021,12,22,11.82,57.64,2.67,100.57
2021,12,23,13.79,54.37,2.09,100.53
2021,12,24,15.45,56.46,1.88,100.5
2021,12,25,16.19,64.69,1.71,100.53
2021,12,26,16.35,75.88,1.76,100.8
2021,12,27,16.95,78.93,1.73,100.87
2021,12,28,16.7,83.45,2.72,100.75
2021,12,29,16.89,84.3,3.01,100.73
2021,12,30,14.5,79.91,2.29,101.23
2021,12,31,14.17,78.67,2.53,101.26
2022,1,1,14.38,72.02,2.29,101.2
2022,1,2,13.06,67.77,2.28,101.07
2022,1,3,12.56,66.69,2.63,100.91
2022,1,4,13.36,65.38,2.21,100.89
2022,1,5,15.05,63.27,1.96,100.82
2022,1,6,16.07,70.25,2.39,100.75
2022,1,7,17.36,80.6,2.01,100.82
2022,1,8,18.38,79.77,2.31,100.75
2022,1,9,18.17,81.66,2.49,100.51
2022,1,10,17.94,83.53,1.99,100.63
2022,1,11,16.09,70.95,3.13,100.69
2022,1,12,14.63,73.55,3.06,100.68
2022,1,13,13.11,67.04,3.05,100.76
2022,1,14,12.86,65.12,2.47,100.8
2022,1,15,12.63,65.4,3.09,100.93
2022,1,16,11.33,71.24,3.2,101.08
2022,1,17,10.87,73,2.47,101.16
2022,1,18,11.86,69.34,2.81,100.91
2022,1,19,12,66.65,2.91,100.68
2022,1,20,14.51,66.28,2.63,100.28
2022,1,21,15.8,67.6,2.06,100.24
2022,1,22,15.85,71.89,2.73,100.08
2022,1,23,15.57,79.61,3.43,100.03
2022,1,24,15.46,75.47,2.28,100.29
2022,1,25,13.79,69.43,2.89,100.4
2022,1,26,12.62,64.82,3.34,100.56
2022,1,27,12.37,68.49,4.11,100.66
2022,1,28,12.49,60.63,4.36,100.73
2022,1,29,12.31,56.11,3.64,100.75
2022,1,30,14.64,53.04,4,100.3
2022,1,31,15.57,56.37,2.82,100.27
2022,2,1,16.52,57.36,3.94,100.13
2022,2,2,16.65,58.45,3.16,100.26
2022,2,3,17.57,57.09,4.82,100.05
2022,2,4,15.98,68.28,4.29,99.93
2022,2,5,13.83,66.36,4.09,100.35
2022,2,6,13.29,57.78,3.07,100.72
2022,2,7,14.84,53.76,2.45,100.68
2022,2,8,16.88,52.74,2.72,100.47
2022,2,9,18.53,54.99,2.94,100.44
2022,2,10,18.03,61.35,3.35,100.53
2022,2,11,16.19,55.81,4.77,100.59
2022,2,12,15.61,52.73,3.93,100.51
2022,2,13,16.67,47.93,2.59,100.42
2022,2,14,16.83,50.56,2.46,100.42
2022,2,15,17.07,56.48,2.93,100.38
2022,2,16,17.69,52.96,3.24,100.15
2022,2,17,18.32,47.98,3.66,100.13
2022,2,18,18.65,46.65,3.67,100.26
2022,2,19,19.69,47.51,4.06,100.29
2022,2,20,19.81,44.56,4.69,99.86
2022,2,21,19.39,38.79,3.23,99.93
2022,2,22,20.08,34.27,2.03,100.4
2022,2,23,20.99,40.72,3.24,100.56
2022,2,24,22.18,49.14,2.9,100.45
2022,2,25,21.89,54.29,2.39,100.59
2022,2,26,22.23,46.48,2.49,100.68
2022,2,27,23.37,50.11,2.81,100.51
2022,2,28,21.63,47,3.52,100.55
2022,3,1,20.82,36.23,3.12,100.66
2022,3,2,21.89,37.37,2.47,100.65
2022,3,3,22.53,37.31,2.78,100.56
2022,3,4,23.37,37.12,3.46,100.42
2022,3,5,22.83,41.16,4.2,100.33
2022,3,6,22.34,35.32,2.47,100.38
2022,3,7,23.25,34.57,2.27,100.46
2022,3,8,23.28,36.73,3.21,100.33
2022,3,9,24,35.08,3.79,100.22
2022,3,10,24.83,36.84,3.8,100.19
2022,3,11,25.41,36.48,3.9,100.18
2022,3,12,24.87,33.47,3.79,100.12
2022,3,13,25.07,30.38,3.13,100.17
2022,3,14,27.1,30.84,2.79,100.07
2022,3,15,28.81,31.56,1.81,99.79
2022,3,16,29.57,32.72,2.6,99.56
2022,3,17,30.49,35.33,2.6,99.65
2022,3,18,30.52,40.85,2.61,99.69
2022,3,19,31.73,36.86,2.17,99.53
2022,3,20,31.39,35.57,2.81,99.45
2022,3,21,31.32,26.9,2.93,99.57
2022,3,22,30.02,23.31,3.46,99.67
2022,3,23,29.43,21.83,3.43,99.72
2022,3,24,30,22.87,3.75,99.54
2022,3,25,31.3,22.63,3.59,99.53
2022,3,26,29.85,19.25,5.07,99.76
2022,3,27,29.29,16.76,3.67,99.89
2022,3,28,30.01,16.55,3.88,99.76
2022,3,29,31.38,14.73,3.29,99.57
2022,3,30,32.02,17.92,2.6,99.6
2022,3,31,32,24.46,2.88,99.65
2022,4,1,33.31,19.41,3.09,99.54
2022,4,2,32.28,22.29,2.21,99.8
2022,4,3,32.34,15.72,2.75,99.79
2022,4,4,32.81,9.15,3.69,99.68
2022,4,5,33,9.71,2.93,99.94
2022,4,6,33.2,9.87,3.65,99.96
2022,4,7,33.09,11.76,2.6,99.93
2022,4,8,33.93,11.57,2.99,99.7
2022,4,9,33.89,12.9,2.89,99.54
2022,4,10,34.33,14.2,2.66,99.44
2022,4,11,34.78,16.64,2.77,99.38
2022,4,12,34.47,16.64,2.91,99.42
2022,4,13,35.18,16.57,2.26,99.31
2022,4,14,35.45,13.74,3.93,99.19
2022,4,15,34.06,15.8,3.73,99.21
2022,4,16,34.62,15.86,2.78,99.2
2022,4,17,34.6,12.1,2.87,99.3
2022,4,18,36.51,9.04,2.53,99.47
2022,4,19,35.42,13.26,2.67,99.6
2022,4,20,36.31,14.72,3.11,99.46
2022,4,21,32.92,36.89,3.81,99.62
2022,4,22,34.62,23.92,3.39,99.68
2022,4,23,34.84,17.56,4.07,99.62
2022,4,24,34.65,12.85,4.83,99.44
2022,4,25,34.85,12.22,5.13,99.37
2022,4,26,35.65,13.74,3.74,99.43
2022,4,27,36.7,11.94,4.29,99.38
2022,4,28,37.03,10.48,2.62,99.47
2022,4,29,37.35,10.2,2.94,99.36
2022,4,30,37.82,12.5,3.78,99.16
2022,5,1,35.78,26.48,3.27,99.22
2022,5,2,35.16,31.91,3.35,99.21
2022,5,3,35.15,37.02,3.76,99.37
2022,5,4,34.7,36.65,3.05,99.58
2022,5,5,34.18,33.74,2.21,99.59
2022,5,6,33.88,34.33,2.88,99.53
2022,5,7,34.06,34.43,2.99,99.55
2022,5,8,34.85,31.59,3.01,99.4
2022,5,9,34.92,38.28,4.32,99.3
2022,5,10,35.64,35.61,4.57,99.31
2022,5,11,36.11,37.28,2.66,99.16
2022,5,12,36.69,34.28,2.37,99.03
2022,5,13,37.9,27.46,2.73,98.78
2022,5,14,38.3,18.05,2.83,98.79
2022,5,15,37.18,21.6,2.86,98.98
2022,5,16,38.21,22.74,2.8,98.93
2022,5,17,38.53,19.64,2.26,98.93
2022,5,18,37.74,18.33,2.81,99.07
2022,5,19,38.07,17.88,3.37,99.11
2022,5,20,38.41,16.05,3.2,98.87
2022,5,21,37.71,25.06,3.08,98.68
2022,5,22,36.79,20.5,2.89,98.6
2022,5,23,35.34,26.39,4.03,98.9
2022,5,24,34.08,31.69,3.08,99.37
2022,5,25,34.34,27.39,3.37,99.48
2022,5,26,35.31,23.74,2.57,99.25
2022,5,27,36.5,27.13,3.52,98.99
2022,5,28,35.33,34.35,4.24,98.98
2022,5,29,37.36,31.57,1.41,98.92
2022,5,30,36.83,30.85,2.02,99
2022,5,31,37.13,23.74,2.02,98.91
2022,6,1,37.98,22.04,2.24,98.91
2022,6,2,36.58,29.17,2.42,98.95
2022,6,3,37.1,24,3.09,98.86
2022,6,4,38.16,19.7,2.97,98.9
2022,6,5,38.29,13.74,2.44,98.96
2022,6,6,37.61,23.81,2.33,98.9
2022,6,7,38.17,23.45,2.61,98.81
2022,6,8,38.6,26.25,2.73,98.76
2022,6,9,39.45,23.86,3,98.72
2022,6,10,39.12,24.47,3.15,98.76
2022,6,11,39.97,17.72,2.53,98.78
2022,6,12,39.26,23.86,3.39,98.91
2022,6,13,39.11,25.95,3.56,99.02
2022,6,14,40.59,24.47,5.18,98.91
2022,6,15,38.84,34.69,6.85,98.91
2022,6,16,32.57,55.42,7.3,99.18
2022,6,17,34.37,50.54,6.1,99.11
2022,6,18,33.76,53.05,5.7,99.16
2022,6,19,32.28,60.06,5.55,99.18
2022,6,20,32.41,56.38,3.85,99.02
2022,6,21,33.09,48.56,1.8,98.96
2022,6,22,34.44,45.16,1.97,99.23
2022,6,23,33.99,50.25,1.69,99.32
2022,6,24,33.58,56.09,1.01,99.16
2022,6,25,34.22,54.16,3.56,98.94
2022,6,26,32.71,57.33,5.09,99.12
2022,6,27,33.87,55.16,1.25,99.25
2022,6,28,32.38,61.77,3.67,99.08
2022,6,29,29.63,81.31,4.53,98.96
2022,6,30,28.01,85.94,4.16,99.09
2022,7,1,30.09,76.67,1.35,99.02
2022,7,2,31.39,72.72,1.8,98.87
2022,7,3,30.69,74.24,3.44,98.95
2022,7,4,31.96,71.11,3.83,98.83
2022,7,5,32.62,65.53,3.87,98.9
2022,7,6,32.29,65.2,6.06,99.15
2022,7,7,32.32,66.21,4.31,99.29
2022,7,8,33.07,61.32,3.53,99.03
2022,7,9,32.39,60.29,5.25,98.89
2022,7,10,32.77,58.38,4.71,98.91
2022,7,11,32.85,59.38,4.65,98.99
2022,7,12,33.14,58.57,4.9,98.92
2022,7,13,33.73,57.17,5.89,98.68
2022,7,14,32.83,60.76,7.54,98.73
2022,7,15,32.51,61.15,6.86,98.97
2022,7,16,32.77,60.14,5.03,99.04
2022,7,17,33.6,57.1,5.86,99.14
2022,7,18,33.89,55.67,5.06,99.05
2022,7,19,33.26,59.64,2.34,98.97
2022,7,20,32.5,65.79,2.44,99.02
2022,7,21,29.8,81.41,2.07,99.21
2022,7,22,30.04,78.72,3.47,99.28
2022,7,23,29.48,77.29,5.27,99.19
2022,7,24,29.43,77.37,5.01,99.21
2022,7,25,28.55,82.34,4.21,99.48
2022,7,26,28.14,84.68,2.44,99.67
2022,7,27,29.18,79.04,2.57,99.61
2022,7,28,29.49,80.58,1.39,99.69
2022,7,29,29.47,80.17,1.57,99.61
2022,7,30,29.89,80.38,1.63,99.4
2022,7,31,29.6,82.24,3.06,99.2
2022,8,1,29.21,81.97,3.44,99.21
2022,8,2,29.62,76.7,1.81,99.21
2022,8,3,29.37,80.41,2.15,99.35
2022,8,4,29.9,78.77,2.55,99.32
2022,8,5,30.38,76.92,2.03,99.17
2022,8,6,30.72,75.22,1.97,98.98
2022,8,7,29.73,80.66,3.74,98.95
2022,8,8,30.12,78.59,4.3,98.81
2022,8,9,29.83,75.82,6,98.77
2022,8,10,29.64,74.82,7.48,98.62
2022,8,11,29.17,78.29,6.4,98.85
2022,8,12,29.11,79.89,3.81,98.99
2022,8,13,30.38,75.74,1.57,98.99
2022,8,14,28.6,84.89,4.27,99.06
2022,8,15,28.42,82.77,9.93,99.04
2022,8,16,29.07,80.78,3.52,99.44
2022,8,17,29.13,79.49,2.81,99.46
2022,8,18,29.54,80.01,3.85,99.24
2022,8,19,29.1,82.69,2.98,99.18
2022,8,20,28.81,80.21,5.78,99.08
2022,8,21,28.77,80.06,8.13,98.79
2022,8,22,28.94,81.2,4.49,98.98
2022,8,23,29.76,75.65,1.43,99.35
2022,8,24,28.99,82.68,1.54,99.57
2022,8,25,29.33,80.59,1.39,99.4
2022,8,26,29.16,82.64,1.58,99.32
2022,8,27,29.19,83.62,2.29,99.25
2022,8,28,27.66,90.75,1.98,99.45
2022,8,29,27.5,88.05,1.33,99.79
2022,8,30,28.64,82.69,1.41,99.8
2022,8,31,27.96,86.81,2.07,99.64
2022,9,1,28.74,83.87,2.19,99.64
2022,9,2,28.92,83.83,1.98,99.73
2022,9,3,28.71,84.85,3.33,99.48
2022,9,4,29.12,83.4,2.8,99.41
2022,9,5,28.96,81.21,1.97,99.51
2022,9,6,29.47,77.36,1.11,99.6
2022,9,7,29.29,79.22,1.54,99.76
2022,9,8,27.86,88.22,1.86,99.83
2022,9,9,27.79,86.18,2.66,99.82
2022,9,10,27.95,86.63,2.63,99.65
2022,9,11,28.28,83.89,3.59,99.36
2022,9,12,27.77,84.73,6.57,99.1
2022,9,13,26.79,92.08,4.52,99.3
2022,9,14,27.09,89.98,3.29,99.51
2022,9,15,27.73,88.43,3.32,99.4
2022,9,16,28.26,85.26,2.61,99.09
2022,9,17,27.65,84.88,1.28,99.32
2022,9,18,28.01,82.68,1.25,99.51
2022,9,19,28.74,81.55,1.33,99.56
2022,9,20,27.48,88.9,3.02,99.5
2022,9,21,27.95,89.19,4.47,99.37
2022,9,22,28.17,85.05,2.76,99.46
2022,9,23,28.19,84.15,1.85,99.47
2022,9,24,26.4,86.19,2.32,99.53
2022,9,25,27,88.23,2.27,99.64
2022,9,26,27.19,88.19,2.2,99.81
2022,9,27,27.14,85.1,2.13,99.69
2022,9,28,26.71,83.06,1.89,99.64
2022,9,29,27.8,77.71,1.53,99.64
2022,9,30,27.79,74.88,1.26,99.69
2022,10,1,26.95,79.25,1.57,99.6
2022,10,2,27.06,79.03,1.97,99.53
2022,10,3,27.52,81.22,2,99.62
2022,10,4,27.02,86.13,3.18,99.81
2022,10,5,26.41,90.52,3.94,99.89
2022,10,6,26.06,90.93,3.13,99.93
2022,10,7,27.24,83.23,2.1,100
2022,10,8,27.51,79.89,1.18,100.05
2022,10,9,27.73,80.89,1.52,100.13
2022,10,10,26.96,85.03,1.22,100.22
2022,10,11,26.43,87.39,1.61,100.06
2022,10,12,25.4,89.89,2.92,99.98
2022,10,13,24.97,84.39,2.02,100.21
2022,10,14,23.77,76.76,1.97,100.23
2022,10,15,23.26,70.75,1.8,100.21
2022,10,16,24.01,70.35,1.29,100.4
2022,10,17,23.21,77.16,2.13,100.43
2022,10,18,23.4,76.59,1.88,100.29
2022,10,19,23.68,78.08,2.13,100.28
2022,10,20,23.44,77.45,1.85,100.44
2022,10,21,23.3,80.32,2.42,100.59
2022,10,22,23.86,75.95,1.69,100.66
2022,10,23,22.97,71.58,1.57,100.48
2022,10,24,22.65,76.73,2.97,100
2022,10,25,22.22,77.06,3.77,99.99
2022,10,26,22.12,69.22,2.17,100.39
2022,10,27,22.66,65.21,1.61,100.42
2022,10,28,22.58,65.73,1.61,100.39
2022,10,29,22.28,67.05,1.45,100.44
2022,10,30,22.24,67.74,1.64,100.47
2022,10,31,21.98,69.35,1.69,100.48
2022,11,1,21.94,69.58,1.95,100.57
2022,11,2,21.67,69.55,2.48,100.38
2022,11,3,22.02,72.59,2.95,100.27
2022,11,4,22.29,75.61,1.75,100.46
2022,11,5,21.98,73.48,2.15,100.62
2022,11,6,21.66,70.1,1.93,100.65
2022,11,7,22.29,67.83,1.11,100.6
2022,11,8,22.13,68.16,1.43,100.62
2022,11,9,22.29,69.84,1.45,100.65
2022,11,10,22.39,70.61,1.37,100.65
2022,11,11,22.01,76.73,2.35,100.61
2022,11,12,20.29,71.87,3.38,100.6
2022,11,13,19.35,64.49,3.18,100.54
2022,11,14,19.22,66.28,2.61,100.61
2022,11,15,19.61,71.17,2.77,100.53
2022,11,16,20.5,68.47,3.18,100.4
2022,11,17,19.54,69.71,3.39,100.45
2022,11,18,17.81,63.21,2.47,100.62
2022,11,19,17.71,58.58,1.69,100.64
2022,11,20,17.44,56.34,1.93,100.48
2022,11,21,17.84,71.76,2.98,100.38
2022,11,22,18.25,70.17,2.88,100.4
2022,11,23,17.62,65.43,3.58,100.46
2022,11,24,16.94,62.99,3.19,100.49
2022,11,25,17.14,60.84,2.53,100.63
2022,11,26,16.82,64.95,2.65,100.38
2022,11,27,17.39,61.49,1.8,100.19
2022,11,28,18.1,58.18,1.33,100.31
2022,11,29,18.36,60.33,1.28,100.51
2022,11,30,17.55,71.2,1.98,100.61
2022,12,1,16.82,70.85,2.38,100.59
2022,12,2,17.05,58.79,1.73,100.52
2022,12,3,16.9,60.07,1.7,100.55
2022,12,4,16.75,70.18,2.32,100.6
2022,12,5,16.64,70.09,1.98,100.73
2022,12,6,15.34,73.29,3.17,100.62
2022,12,7,15.11,68.19,3.01,100.55
2022,12,8,14.78,62.94,2.71,100.57
2022,12,9,15.62,65.56,1.62,100.5
2022,12,10,16.63,62.64,1.57,100.51
2022,12,11,16.19,70.03,2.77,100.53
2022,12,12,17.63,67.18,3.32,100.43
2022,12,13,18.15,59.32,3.52,100.49
2022,12,14,16.57,62.82,3.66,100.53
2022,12,15,15.57,65.22,3.92,100.48
2022,12,16,15.25,61.27,3.23,100.45
2022,12,17,15.14,58.48,2.35,100.6
2022,12,18,15.34,59.87,1.89,100.61
2022,12,19,14.48,65.12,2.12,100.48
2022,12,20,14.78,67.58,2.42,100.4
2022,12,21,14.96,65.19,2.17,100.5
2022,12,22,16.11,55.37,2.5,100.43
2022,12,23,18.72,50.82,1.79,100.37
2022,12,24,18.09,61.27,2.07,100.41
2022,12,25,18.71,66.07,2.28,100.53
2022,12,26,16.68,64.02,2.16,100.77
2022,12,27,14.75,52.61,3.87,100.72
2022,12,28,14,57.09,4.18,100.77
2022,12,29,13.46,58.74,3.05,100.95
2022,12,30,15.76,54.62,1.65,101
2022,12,31,16.9,56.28,2.1,100.9
2023,1,1,15.11,63.76,1.71,101.07
2023,1,2,13.98,66.83,2.03,101.14
2023,1,3,13.34,66.71,1.91,101.15
2023,1,4,11.9,63.7,2.42,101.19
2023,1,5,11.19,66.8,2.49,101.33
2023,1,6,10.89,61.3,2.97,101.4
2023,1,7,10.19,61.78,3.33,101.19
2023,1,8,11.6,53.44,2.51,101.01
2023,1,9,13.45,47.22,2.3,101.06
2023,1,10,13.42,52.59,2.75,100.91
2023,1,11,14.47,50.77,2.79,100.62
2023,1,12,16.1,52.55,2.46,100.4
2023,1,13,18.29,53.07,2.2,100.39
2023,1,14,18.55,52.6,2.75,100.43
2023,1,15,14.57,58.35,3.97,100.53
2023,1,16,11.75,39.04,3.17,100.68
2023,1,17,11.81,41.25,3.06,100.71
2023,1,18,12.57,43.29,2.6,100.91
2023,1,19,13.65,37.19,2.1,100.93
2023,1,20,15.75,37.52,1.8,100.74
2023,1,21,18.4,49.85,1.7,100.62
2023,1,22,18.72,61.44,1.19,100.59
2023,1,23,21.01,58.02,1.38,100.52
2023,1,24,20.88,56.8,2,100.5
2023,1,25,21.1,57.72,2.91,100.48
2023,1,26,20.85,71.6,3,100.57
2023,1,27,20.45,62.59,4.69,100.63
2023,1,28,17.11,43.37,3.68,100.56
2023,1,29,17.55,37.81,1.94,100.56
2023,1,30,19.05,36.32,2.07,100.71
2023,1,31,19.26,53.38,4.97,100.62
2023,2,1,17.28,52.81,5.07,100.62
2023,2,2,16.35,41.17,3.8,100.63
2023,2,3,16.79,41.42,3.5,100.58
2023,2,4,18.25,40.71,4.27,100.37
2023,2,5,19.12,40.9,3.88,100.28
2023,2,6,19.94,40.95,3.6,100.28
2023,2,7,21.41,39.73,4.04,100.09
2023,2,8,19.42,40.45,4.14,100.33
2023,2,9,18.81,33.19,2.77,100.39
2023,2,10,21.78,27.88,2.6,100.35
2023,2,11,22.06,33.21,3.71,100.26
2023,2,12,20.67,34.7,6.17,100.47
2023,2,13,17.63,26.84,5.49,100.49
2023,2,14,17.16,28.04,3.5,100.55
2023,2,15,17.88,35.86,2.51,100.37
2023,2,16,20.04,33.95,1.7,100.47
2023,2,17,21.18,34.49,2.12,100.57
2023,2,18,21.69,36.95,1.81,100.55
2023,2,19,22.5,39.54,1.92,100.48
2023,2,20,23.45,38.65,2.38,100.33
2023,2,21,25.67,28.24,2.08,100.22
2023,2,22,24.61,27.74,3.55,100.15
2023,2,23,24.16,31.18,3.72,100.22
2023,2,24,23.32,28.9,3.42,100.45
2023,2,25,23.13,24.96,2.08,100.7
2023,2,26,23.63,24.99,2.15,100.82
2023,2,27,24.59,26.27,2.35,100.75
2023,2,28,25.45,27.88,2.49,100.72
2023,3,1,25.69,27.29,2.22,100.78
2023,3,2,26.16,25.99,2.94,100.78
2023,3,3,26.53,27.82,4.69,100.73
2023,3,4,26.56,29.7,4.07,100.76
2023,3,5,26.16,31.53,4.09,100.7
2023,3,6,26.11,30.96,4.17,100.55
2023,3,7,26.13,30.2,3.23,100.56
2023,3,8,26.27,31.73,1.48,100.71
2023,3,9,25.47,33.14,2.25,100.64
2023,3,10,25.14,34.16,2.92,100.56
2023,3,11,25.56,31.3,2.46,100.55
2023,3,12,26.7,28.11,1.63,100.51
2023,3,13,26.83,30.29,2.4,100.34
2023,3,14,27.73,25.87,2.46,100.06
2023,3,15,28.1,25.38,2.37,99.99
2023,3,16,27.93,27.34,2.22,100.13
2023,3,17,27.43,37.77,2.13,100.24
2023,3,18,26.84,40.79,1.32,100.13
2023,3,19,22.17,69.63,2.65,100.06
2023,3,20,22.26,70.47,1.36,99.9
2023,3,21,22.19,68.13,1.91,100
2023,3,22,23.04,58.63,3.07,100.01
2023,3,23,23.73,51.71,3.52,99.93
2023,3,24,26.92,44.24,1.97,100.01
2023,3,25,28.52,45.03,2.42,100.04
2023,3,26,26.57,51.23,2.54,99.99
2023,3,27,26.13,47.51,3.27,99.97
2023,3,28,26.34,44.18,3.21,100.02
2023,3,29,27.68,37.05,2.08,100.09
2023,3,30,28.47,36.83,2.11,99.9
2023,3,31,27.23,47.42,3.71,99.87
2023,4,1,25.03,65.15,2.26,99.99
2023,4,2,25.71,49.14,3.76,99.83
2023,4,3,26.89,43.33,4.12,99.74
2023,4,4,29.04,37.07,2.84,99.78
2023,4,5,27.44,39.62,4.57,99.92
2023,4,6,27.27,36.99,3.78,100.1
2023,4,7,27.75,37.21,3.37,100.29
2023,4,8,27.29,36.36,3.21,100.46
2023,4,9,28.22,38.74,3.41,100.4
2023,4,10,28.4,32.2,3.44,100.19
2023,4,11,28.21,30.26,4.16,100.1
2023,4,12,29.87,27.12,4.3,100.02
2023,4,13,31.09,30.51,4.39,99.89
2023,4,14,32.39,29.26,2.64,99.84
2023,4,15,33.37,27.28,1.94,99.86
2023,4,16,33.38,26.74,2.96,99.7
2023,4,17,34.1,22.53,3.86,99.67
2023,4,18,33.79,20.41,4.09,99.77
2023,4,19,34.51,21.54,5.68,99.43
2023,4,20,34.65,22.6,4.56,99.21
2023,4,21,33,23.2,5.3,99.32
2023,4,22,30.06,32.25,2.41,99.51
2023,4,23,31.16,27.94,2.12,99.58
2023,4,24,29.84,32.81,3.03,100.04
2023,4,25,28.89,48.68,2.02,100.13
2023,4,26,30.49,39.67,2.03,99.89
2023,4,27,29.98,47.23,2.39,99.88
2023,4,28,30.48,39.77,3.31,99.87
2023,4,29,29.95,40.69,3.85,99.88
2023,4,30,27.66,54.6,3.1,99.89
2023,5,1,27.65,56.01,1.89,99.87
2023,5,2,27.61,61,3.1,99.93
2023,5,3,28.26,60.06,1.61,100.01
2023,5,4,28.73,55.92,1.96,99.95
2023,5,5,29.52,44,2.74,99.73
2023,5,6,30,37.82,4.19,99.55
2023,5,7,31.44,35.38,4.57,99.52
2023,5,8,32.88,31.29,3.74,99.49
2023,5,9,33.62,30.44,3.39,99.51
2023,5,10,32.2,20.34,4.19,99.57
2023,5,11,31.53,19.58,3.46,99.72
2023,5,12,32.52,18.09,2.06,99.68
2023,5,13,33.34,20.27,2.48,99.59
2023,5,14,36.17,21.85,2.08,99.21
2023,5,15,35.75,19.55,3.14,99.17
2023,5,16,37.11,18.52,2.89,99.34
2023,5,17,37.41,20.02,3.33,99.5
2023,5,18,35.81,24.02,3.71,99.7
2023,5,19,36.23,22.74,4.17,99.52
2023,5,20,36.41,18.9,3.6,99.45
2023,5,21,37.59,15.72,2.54,99.47
2023,5,22,36.59,17.81,2.06,99.51
2023,5,23,36.1,25.53,3.24,99.57
2023,5,24,35.67,30.66,3.66,99.48
2023,5,25,35.78,30.47,3.25,99.45
2023,5,26,32.64,43.43,2.75,99.65
2023,5,27,30.87,48.14,2.01,99.65
2023,5,28,32.63,39.38,1.47,99.73
2023,5,29,34.77,36.8,1.78,99.77
2023,5,30,35.4,36.28,2.54,99.71
2023,5,31,35.72,31.03,4.1,99.59
2023,6,1,34.81,27.49,5.28,99.5
2023,6,2,35.79,27.45,5.66,99.4
2023,6,3,35.78,26.94,4.62,99.48
2023,6,4,36.73,25.5,2.95,99.4
2023,6,5,36.04,23.79,2.6,99.33
2023,6,6,36.72,26.94,3.45,99.23
2023,6,7,37.02,21.97,3.48,99.2
2023,6,8,37.35,18.21,3.89,99.17
2023,6,9,37.68,21.02,4.16,98.93
2023,6,10,38.67,21.36,2.75,98.8
2023,6,11,38.84,25.06,4.94,98.75
2023,6,12,38.93,28.63,4.87,98.79
2023,6,13,40.36,26.33,5.89,98.69
2023,6,14,40.45,23.71,7.67,98.74
2023,6,15,39.66,25.59,8.4,98.82
2023,6,16,38.97,26.1,7.24,98.92
2023,6,17,39.62,26.13,4.52,98.98
2023,6,18,39.4,27.16,4,99
2023,6,19,39.8,28.27,3.66,98.95
2023,6,20,39.41,31.13,2.53,98.95
2023,6,21,38.28,35.38,2.92,99.03
2023,6,22,37.31,41.68,1.6,99.1
2023,6,23,35.95,49.12,1.42,99.11
2023,6,24,36.33,47.61,2.58,99.02
2023,6,25,33.85,58.85,3.26,99.05
2023,6,26,33.39,54.33,5.5,98.98
2023,6,27,32.99,56.98,6.5,98.87
2023,6,28,31.61,62.72,6.16,99.06
2023,6,29,31.12,69.36,3.41,99.04
2023,6,30,29.99,75.75,4.08,99.12
2023,7,1,30.82,74.25,4.11,99.17
2023,7,2,31.12,72.69,2.79,99.14
2023,7,3,32.38,64.91,2.65,99.13
2023,7,4,32.05,69.2,2.76,99.06
2023,7,5,31.68,68.94,3.27,99
2023,7,6,33.37,61.58,4.62,99.05
2023,7,7,31.91,69.27,5,99.11
2023,7,8,32.32,67.63,4.13,99.27
2023,7,9,32.74,68,2.94,99.22
2023,7,10,31.91,73.55,3.24,99.2
2023,7,11,31.89,73,1.61,99.16
2023,7,12,31.45,72,1.93,99.17
2023,7,13,32.06,68.89,2.21,99.21
2023,7,14,31.66,70.77,1.59,99.25
2023,7,15,31.4,75.51,2.03,99.22
2023,7,16,30.76,80.02,2.69,99.11
2023,7,17,30.01,79.7,4.53,99.01
2023,7,18,29.81,79.75,4.8,99.03
2023,7,19,31.33,71.91,5.1,98.94
2023,7,20,32.28,72.14,4.04,98.89
2023,7,21,32.46,66.13,5.39,99.14
2023,7,22,30.59,75.45,6.09,99.43
2023,7,23,31.61,70.77,5.02,99.36
2023,7,24,31.42,73.22,2.33,99.23
2023,7,25,31.95,69.42,1.64,99.28
2023,7,26,32.47,65.81,3.76,99.3
2023,7,27,32.56,64.86,4.31,99.16
2023,7,28,33.26,65.69,2.96,98.9
2023,7,29,31.75,74.67,2.74,99
2023,7,30,30.83,75.16,3.53,99.01
2023,7,31,31.79,70.44,3.36,98.85
2023,8,1,30.96,78.4,3.67,98.77
2023,8,2,29.73,84.97,3.65,98.69
2023,8,3,30.68,77.76,6.58,98.58
2023,8,4,29.75,79.03,5.06,98.87
2023,8,5,29.97,76.47,2.14,99.16
2023,8,6,29.25,80.54,2.33,99.06
2023,8,7,28.63,85.47,4.94,98.91
2023,8,8,28.53,84.87,4.89,99.03
2023,8,9,28.11,86.12,4.8,99.38
2023,8,10,28.3,85.88,4.55,99.47
2023,8,11,28.5,85,3.92,99.47
2023,8,12,29.16,80.17,5.09,99.29
2023,8,13,28.99,81.54,3.82,99.32
2023,8,14,29.35,79.71,1.67,99.51
2023,8,15,28.39,82.79,2.68,99.52
2023,8,16,29.04,81.02,3.3,99.47
2023,8,17,29.66,82.65,2.64,99.4
2023,8,18,29.92,83.07,2.61,99.32
2023,8,19,30.29,78.42,4.78,99.25
2023,8,20,29.8,80.25,4.15,99.35
2023,8,21,29.94,81.81,2.44,99.32
2023,8,22,29.68,84.24,1.68,99.32
2023,8,23,29.57,83.34,1.44,99.24
2023,8,24,28.01,88.79,3.84,99.1
2023,8,25,28.25,84.13,4.8,99.14
2023,8,26,28.49,81.12,5.1,99.22
2023,8,27,28.89,79.19,5.94,99.21
2023,8,28,28.65,77.98,4.95,99.3
2023,8,29,28.74,79.87,3.47,99.48
2023,8,30,28.87,78.9,3.44,99.61
2023,8,31,29.52,76.2,2.61,99.65
2023,9,1,30.2,75.03,3,99.6
2023,9,2,30.84,72.79,3.41,99.5
2023,9,3,30.4,74.7,2.29,99.36
2023,9,4,29.6,77.97,2.32,99.28
2023,9,5,28.66,82.33,3.75,99.35
2023,9,6,29.19,77.87,3.38,99.44
2023,9,7,28.86,83.34,3.64,99.38
2023,9,8,28.24,87.71,4.16,99.26
2023,9,9,29.09,81.92,3.37,99.31
2023,9,10,28.89,83.32,2.21,99.26
2023,9,11,29.91,82.33,2.03,99.14
2023,9,12,30.25,81.39,1.36,99.2
2023,9,13,29.78,83.76,1.54,99.27
2023,9,14,29.65,82.47,2.92,99.35
2023,9,15,28.33,85.29,5.29,99.38
2023,9,16,28.97,81.53,3.63,99.48
2023,9,17,29.19,79.58,1.7,99.48
2023,9,18,29.4,79.05,1.92,99.5
2023,9,19,30.19,76.31,1.87,99.62
2023,9,20,29.62,78.23,2.62,99.66
2023,9,21,29.24,81.25,3.21,99.56
2023,9,22,28.03,85.04,4.74,99.48
2023,9,23,27.8,85.15,3.53,99.49
2023,9,24,28.14,81.7,2.82,99.55
2023,9,25,28.53,78.48,2.98,99.62
2023,9,26,29.05,75.55,0.88,99.7
2023,9,27,29.84,73.41,1.2,99.66
2023,9,28,29.89,71.96,1.49,99.64
2023,9,29,29.23,75.89,2.07,99.65
2023,9,30,29.43,71,2.38,99.6
2023,10,1,28.57,80.68,2.95,99.51
2023,10,2,27.16,86.99,4.07,99.58
2023,10,3,26.8,91.24,4.33,99.61
2023,10,4,27.44,88.12,2.94,99.59
2023,10,5,27.6,84.81,2.89,99.63
2023,10,6,28.05,80.51,1.18,99.68
2023,10,7,27.14,72.8,2.2,99.83
2023,10,8,26.73,71.54,2.91,99.88
2023,10,9,27.66,75.59,3.67,99.94
2023,10,10,28.28,74,3.69,100.02
2023,10,11,27.48,72.29,3.55,100.04
2023,10,12,27.44,67.44,2.52,100.21
2023,10,13,27.11,61.6,2.42,100.32
2023,10,14,26.54,60.75,2.49,100.25
2023,10,15,27.35,62.32,2.8,100.05
2023,10,16,28.35,62.51,2.02,100.17
2023,10,17,26.78,67.4,1.9,100.38
2023,10,18,25.64,66.83,2.68,100.44
2023,10,19,25.15,61.62,2.59,100.46
2023,10,20,24.88,57.76,1.92,100.54
2023,10,21,25.05,53.02,1.55,100.59
2023,10,22,24.82,50.67,1.26,100.56
2023,10,23,24.85,54.05,1.38,100.42
2023,10,24,24.5,60.93,2.23,100.32
2023,10,25,24.76,59.54,2.47,100.41
2023,10,26,25.26,54.36,2.12,100.4
2023,10,27,24.94,52.33,2.2,100.36
2023,10,28,24.78,45.16,1.54,100.44
2023,10,29,24.26,50.84,1.88,100.48
2023,10,30,24.92,50.67,1.23,100.51
2023,10,31,25.41,51.5,1.3,100.6
2023,11,1,26.43,57.57,1.73,100.57
2023,11,2,25.87,59.61,1.61,100.44
2023,11,3,25.33,58.54,1.84,100.28
2023,11,4,25.14,50,1.66,100.31
2023,11,5,24.75,48.43,1.92,100.48
2023,11,6,24.39,45.42,1.54,100.61
2023,11,7,23.75,44.8,1.49,100.53
2023,11,8,22.59,48.58,2.38,100.45
2023,11,9,23.83,51.45,2.75,100.43
2023,11,10,24.83,50.71,1.84,100.59
2023,11,11,24.07,56.61,2.46,100.65
2023,11,12,22.86,64.13,2.02,100.77
2023,11,13,22.61,52.52,1.59,100.81
2023,11,14,22.66,52.76,1.46,100.7
2023,11,15,23.12,51.66,1.41,100.68
2023,11,16,22.82,53.21,1.79,100.76
2023,11,17,23.56,60.29,1.42,100.7
2023,11,18,23.82,58.48,2,100.64
2023,11,19,23.23,57.05,1.85,100.73
2023,11,20,22.93,58.86,2.12,100.72
2023,11,21,21.52,55.82,3.36,100.59
2023,11,22,20.57,57.68,3.12,100.51
2023,11,23,20.66,51.29,1.51,100.49
2023,11,24,20.78,44.49,1.25,100.59
2023,11,25,20.16,38.16,1.38,100.76
2023,11,26,20.97,37.31,1.4,100.85
2023,11,27,20.47,49.27,1.71,100.67
2023,11,28,21.19,52.89,1.66,100.53
2023,11,29,21.85,51.84,1.93,100.59
2023,11,30,23.49,63.3,1.68,100.65
2023,12,1,22.76,69.64,1.6,100.65
2023,12,2,23.11,66.2,2.08,100.64
2023,12,3,23.32,59.67,1.84,100.66
2023,12,4,23.23,60.48,1.69,100.54
2023,12,5,22.77,62.59,2.24,100.46
2023,12,6,21.25,73.8,1.27,100.64
2023,12,7,20.85,82.94,1.62,100.58
2023,12,8,20.48,71.38,2.76,100.5
2023,12,9,19.26,60.82,3.58,100.59
2023,12,10,17.63,54.8,3.81,100.5
2023,12,11,17.26,53.42,2.69,100.63
2023,12,12,17.06,49.5,2.15,100.51
2023,12,13,16.22,53.63,3.13,100.62
2023,12,14,16.36,51.53,3.52,100.75
2023,12,15,16.44,46.94,2.81,100.86
2023,12,16,15.97,47.02,2.89,100.72
2023,12,17,15.52,45.88,2.79,100.74
2023,12,18,14.89,49.81,3.65,100.85
2023,12,19,14.87,49.16,3.15,100.95
2023,12,20,14.99,48.28,2.46,100.94
2023,12,21,14.56,46.85,2.68,100.79
2023,12,22,14.22,45.84,1.81,100.81
2023,12,23,17.42,45.31,1.52,100.96
2023,12,24,17.05,53.68,2.02,101.04
2023,12,25,16.6,61,2.51,100.95
2023,12,26,17.79,63.43,2.07,100.94
2023,12,27,17.77,56.66,1.45,101.03
2023,12,28,15.03,59.87,1.71,100.93
2023,12,29,15.15,60.28,1.55,100.99
2023,12,30,15.57,56.36,1.5,100.9
2023,12,31,15.57,46.02,1.24,100.88
2024,1,1,15.93,45.93,2,100.82
2024,1,2,16.47,63.79,1.79,100.78
2024,1,3,17.84,67.52,1.48,100.73
2024,1,4,16.89,75.58,1.19,100.74
2024,1,5,16.87,81.19,1.12,100.8
2024,1,6,18.37,80.18,2.18,100.84
2024,1,7,17.25,73.02,2.45,100.94
2024,1,8,16.93,58.88,2.49,100.97
2024,1,9,17.95,54.45,2.25,100.86
2024,1,10,17.16,57.26,4,100.74
2024,1,11,14.48,47.97,3.15,100.9
2024,1,12,13.5,43.07,3.01,100.87
2024,1,13,13.79,41.25,3.04,100.79
2024,1,14,14.45,37.92,2.1,100.75
2024,1,15,14.09,34.79,1.56,100.72
2024,1,16,13.49,35.19,1.53,100.63
2024,1,17,13.72,42.14,2.12,100.56
2024,1,18,13.84,50.88,2.02,100.68
2024,1,19,13.41,46.37,1.49,100.87
2024,1,20,13.14,44.21,2.04,100.89
2024,1,21,13.06,47.17,3.16,100.85
2024,1,22,13.48,42.93,2.25,101.02
2024,1,23,13.49,39.58,2.95,100.86
2024,1,24,13.72,35.81,2.28,100.88
2024,1,25,14.42,37.25,2.15,101.09
2024,1,26,14.83,38.56,2.05,101.21
2024,1,27,15.09,38.52,2.7,101.06
2024,1,28,16.11,38.95,2.19,101.02
2024,1,29,16.89,40.64,2.24,100.87
2024,1,30,16.96,39.87,2.13,100.74
2024,1,31,17.85,40.83,1.87,100.69
2024,2,1,18.06,42.98,2.68,100.69
2024,2,2,18.27,43.95,3.65,100.7
2024,2,3,17.97,36.22,5.07,100.68
2024,2,4,18.18,48.18,3.7,100.86
2024,2,5,17.56,79.63,1.97,100.85
2024,2,6,18.29,65.51,2.77,100.85
2024,2,7,16.3,36.6,4.58,100.87
2024,2,8,15.61,37.74,5.23,100.79
2024,2,9,15.01,36.1,2.48,101.02
2024,2,10,15.53,30.99,2.2,101.13
2024,2,11,16.46,34.39,2.75,101.08
2024,2,12,18.4,35.03,2.18,100.99
2024,2,13,19.8,55.4,1.95,100.86
2024,2,14,18.73,80.65,2.64,100.79
2024,2,15,19.38,65.39,1.69,100.93
2024,2,16,18.83,47.89,2.36,100.97
2024,2,17,18.52,41.21,3.43,100.58
2024,2,18,19.47,35.55,2.36,100.48
2024,2,19,21.45,37.46,1.92,100.46
2024,2,20,23.35,44.23,3.62,100.14
2024,2,21,23.78,49.82,1.84,100.04
2024,2,22,22.38,50.23,3.28,100.18
2024,2,23,19.8,34.59,2.83,100.49
2024,2,24,19.81,30.43,2.52,100.63
2024,2,25,20.34,32.11,1.96,100.69
2024,2,26,20.11,35.36,1.99,100.78
2024,2,27,21.48,39.06,2.82,100.69
2024,2,28,20.51,50.92,4.2,100.47
2024,2,29,21.04,43.59,4.02,100.5
2024,3,1,23.15,36.39,2.65,100.52
2024,3,2,24.23,33.5,1.99,100.41
2024,3,3,22.03,56.11,2.3,100.35
2024,3,4,22.73,57.26,2.45,100.41
2024,3,5,19.81,39.46,4.45,100.53
2024,3,6,19.33,34.1,4.14,100.48
2024,3,7,20.38,33.75,4.06,100.42
2024,3,8,21.09,35.86,4.24,100.48
2024,3,9,21.33,37.02,4.37,100.52
2024,3,10,21.69,34.63,3.2,100.59
2024,3,11,24.18,31.71,2.62,100.57
2024,3,12,25.13,32.11,4.01,100.36
2024,3,13,26.16,33.7,3.08,100.17
2024,3,14,26.24,30.63,2.59,100.28
2024,3,15,26.02,31.47,3.2,100.28
2024,3,16,24.84,29.95,2.53,100.5
2024,3,17,25.21,24.18,2.79,100.43
2024,3,18,26.14,22.62,1.88,100.32
2024,3,19,25.71,23.82,2.1,100.29
2024,3,20,24.62,34.06,2.7,100.39
2024,3,21,22.45,65.5,2.42,100.43
2024,3,22,25.53,46,2.21,100.1
2024,3,23,27.87,30.68,3.92,99.83
2024,3,24,28.15,24.77,3.68,100.03
2024,3,25,29.24,24.73,2.26,100.15
2024,3,26,28.21,25.26,3.55,100.17
2024,3,27,29.8,20.54,2.47,100.33
2024,3,28,30.85,23.13,2.89,100.06
2024,3,29,31.63,25.54,2.85,99.92
2024,3,30,32.3,26.07,3.01,100.03
2024,3,31,32.4,27.95,5.16,99.96
2024,4,1,30.84,17.57,6.03,99.72
2024,4,2,30.68,20.39,5.22,99.69
2024,4,3,31.3,16.27,4,99.84
2024,4,4,32.82,16.62,3.37,99.73
2024,4,5,32.92,17.47,4.9,99.68
2024,4,6,33.3,17.73,3.96,99.68
2024,4,7,32.71,17.63,4.44,99.74
2024,4,8,31.49,23.11,3.19,99.94
2024,4,9,30.9,19.7,3.72,100.02
2024,4,10,30.71,21.53,3.48,100.09
2024,4,11,31.99,27.55,3.04,100.11
2024,4,12,32.03,28.28,3.04,100.09
2024,4,13,33.13,26.05,2.2,100.06
2024,4,14,34.4,26.65,2.07,100.07
2024,4,15,34.28,26.04,3.21,100
2024,4,16,34.74,25.56,4.94,99.76
2024,4,17,33.6,20.87,5.9,99.59
2024,4,18,34.12,16.65,6.39,99.47
2024,4,19,35.15,20.45,5.9,99.29
2024,4,20,35.93,17.63,6.37,99.27
2024,4,21,34.74,17.89,4.95,99.42
2024,4,22,33.78,26.79,6.21,99.62
2024,4,23,34.05,26.07,4.75,99.51
2024,4,24,33.6,20.62,4.3,99.52
2024,4,25,34.14,16.87,4.98,99.54
2024,4,26,35.24,15.24,4.43,99.48
2024,4,27,35.59,24.92,6.38,99.56
2024,4,28,35.89,22.7,5.49,99.54
2024,4,29,35.68,17.31,4.25,99.55
2024,4,30,36.15,15.14,6.47,99.24
2024,5,1,34.05,9.74,4.65,99.13
2024,5,2,31.73,10.33,5.87,99.34
2024,5,3,32.02,10.91,4.2,99.55
2024,5,4,33.3,10.96,3.6,99.53
2024,5,5,35.31,14.66,4.02,99.16
2024,5,6,36.13,19.88,2.64,99.31
2024,5,7,35.99,28.82,3.62,99.63
2024,5,8,33.37,37.99,4.31,99.74
2024,5,9,33.52,40.77,4.33,99.69
2024,5,10,33.07,41.5,3.22,99.69
2024,5,11,34.66,37.69,2.03,99.73
2024,5,12,35.56,31.26,2.19,99.81
2024,5,13,34.84,29.35,2.17,99.8
2024,5,14,35.5,22.02,2.02,99.81
2024,5,15,35.72,17.99,2,99.84
2024,5,16,35.9,18.78,2.92,99.79
2024,5,17,37.33,18.09,3.88,99.5
2024,5,18,37.87,23.9,5.52,99.27
2024,5,19,38.77,22.41,4.13,99.06
2024,5,20,36.25,28.49,3.26,99.22
2024,5,21,35.18,38.87,3.9,99.4
2024,5,22,34.91,42.31,5.09,99.36
2024,5,23,34.91,43.29,4.47,99.24
2024,5,24,36.02,37.23,4.48,99.1
2024,5,25,38.05,29.39,1.18,98.91
2024,5,26,38.95,28.14,3.07,98.8
2024,5,27,38.51,34.05,2.88,98.6
2024,5,28,39.81,24.42,2.74,98.42
2024,5,29,41.24,13.32,1.96,98.53
2024,5,30,41.38,17.54,3.61,98.77
2024,5,31,40.74,21.8,3,98.96
2024,6,1,38.66,26.06,3.28,99.12
2024,6,2,38.79,21.59,2.2,99.21
2024,6,3,38.68,17.64,3.11,99.2
2024,6,4,38.54,22.11,3.17,99.16
2024,6,5,38.56,23.45,2.22,99.21
2024,6,6,37.98,24.84,2.58,99.39
2024,6,7,38.81,22.84,3.08,99.19
2024,6,8,39.3,21.06,3.71,99
2024,6,9,39.65,23.74,3.52,98.96
2024,6,10,39.75,18.49,3.4,99.01
2024,6,11,39.54,16.58,3.67,99
2024,6,12,39.83,17.82,3.34,98.97
2024,6,13,40.39,17.17,4.5,98.83
2024,6,14,41.27,20.32,5.52,98.77
2024,6,15,41.43,19.09,5.36,98.76
2024,6,16,41.63,18.79,4.87,98.83
2024,6,17,41.6,21.67,4.67,98.86
2024,6,18,41.3,28.05,7.5,98.7
2024,6,19,39.04,36.25,8.26,98.64
2024,6,20,34.72,47.31,2.95,98.91
2024,6,21,36.75,41.29,1.72,98.97
2024,6,22,37.39,38.19,1.39,98.94
2024,6,23,37.82,38.11,2.59,98.93
2024,6,24,35.94,47.76,3.19,98.86
2024,6,25,36.58,49.21,1.94,98.82
2024,6,26,34.49,56.57,2.53,98.94
2024,6,27,34.48,55.94,4.24,99.12
2024,6,28,34.42,56.8,1.93,98.99
2024,6,29,35.21,51.12,3.74,98.92
2024,6,30,32.83,60.33,4.81,99.01
2024,7,1,31.12,73.92,4.87,98.8
2024,7,2,31.5,69.23,4.88,98.74
2024,7,3,31.05,73.71,2.48,98.95
2024,7,4,30.05,79.51,1.93,99.06
2024,7,5,30.07,77.96,2.56,98.93
2024,7,6,31.02,74.11,2.69,98.87
2024,7,7,31,74.56,2.61,99.14
2024,7,8,31.06,76.78,2.31,99.25
2024,7,9,31.97,73.89,1.7,99.29
2024,7,10,31.27,76.93,1.62,99.37
2024,7,11,30.28,82.67,3.22,99.1
2024,7,12,29.84,86.21,3.41,98.92
2024,7,13,30.34,74.61,1.69,98.87
2024,7,14,31.16,74.15,1.75,98.8
2024,7,15,31.22,78.59,4.03,98.98
2024,7,16,30.37,81.84,4.54,99.1
2024,7,17,30.64,80,2.48,99.09
2024,7,18,31.57,77.18,2.76,98.96
2024,7,19,31.91,75.64,2.92,98.82
2024,7,20,31.76,77.32,4.28,98.8
2024,7,21,30.69,78.06,5.05,98.85
2024,7,22,30.36,82.55,4.85,98.84
2024,7,23,30.65,80.7,4.36,98.74
2024,7,24,31.52,76.67,2.93,98.49
2024,7,25,30.26,82.3,1.96,98.4
2024,7,26,31.54,80.52,2.02,98.5
2024,7,27,31.5,81.11,3.8,98.66
2024,7,28,31.02,80.23,5.52,98.71
2024,7,29,31.36,78.53,3.19,98.78
2024,7,30,31.48,78.83,1.46,98.99
2024,7,31,30.85,83.24,1.36,99.1
2024,8,1,30.17,86,2.32,98.93
2024,8,2,29.39,84.35,4.38,98.66
2024,8,3,28.69,87.76,7.7,98.6
2024,8,4,28.79,84.77,6.95,99.04
2024,8,5,29.28,82.02,2.29,99.36
2024,8,6,28.77,85.62,2.35,99.26
2024,8,7,29.08,84.27,1.36,99.31
2024,8,8,29.22,86.8,1.56,99.29
2024,8,9,29.72,84.38,1.49,99.38
2024,8,10,28.62,86.99,2.41,99.38
2024,8,11,28.65,83.96,1.68,99.32
2024,8,12,29.5,80.43,1.18,99.39
2024,8,13,29.69,82.34,1.37,99.47
2024,8,14,30.09,81.97,1.33,99.47
2024,8,15,29.64,83.67,1.56,99.38
2024,8,16,29.56,85.69,1.67,99.35
2024,8,17,29.51,84.78,1.77,99.46
2024,8,18,29.14,87.71,2.44,99.57
2024,8,19,29.88,83.83,1.77,99.45
2024,8,20,28.84,87.54,1.59,99.55
2024,8,21,29.22,83.17,1.46,99.64
2024,8,22,29.51,83.29,1.14,99.54
2024,8,23,28.55,86.29,2.85,99.49
2024,8,24,27.48,91.94,6.17,99.28
2024,8,25,28.37,86.91,3.26,99.23
2024,8,26,27.61,89.45,4.04,99.25
2024,8,27,27.37,90.92,5.57,99.34
2024,8,28,27.69,90.42,3.47,99.46
2024,8,29,28.58,81.95,1.11,99.5
2024,8,30,29.55,80.46,1.35,99.55
2024,8,31,30.05,82.14,1.51,99.45
2024,9,1,28.76,88.56,3.6,99.52
2024,9,2,28.79,85.9,3.6,99.57
2024,9,3,29.1,85.29,2.32,99.61
2024,9,4,29.21,83.58,1.24,99.42
2024,9,5,29.57,80.72,1.22,99.29
2024,9,6,28.54,86.08,2,99.43
2024,9,7,29.4,82.42,1.18,99.44
2024,9,8,30.44,79.08,1.05,99.37
2024,9,9,29.82,84.68,2.32,99.14
2024,9,10,28.79,90.31,4.19,99.02
2024,9,11,28.87,91.09,5.32,98.99
2024,9,12,29.15,85.92,2.82,99.24
2024,9,13,27.95,89.4,3.3,99.33
2024,9,14,28,88.43,3.84,99.28
2024,9,15,27.44,88.92,3.91,99.29
2024,9,16,26.74,89,5.32,99.37
2024,9,17,25.85,93.13,7.17,99.39
2024,9,18,27.75,86.86,4.61,99.43
2024,9,19,28.18,83.87,1.57,99.57
2024,9,20,28.32,83.24,1.56,99.6
2024,9,21,28.77,83.81,2.24,99.69
2024,9,22,28.57,84.62,2.15,99.6
2024,9,23,29.13,84.54,1.84,99.55
2024,9,24,28.74,86.83,1.4,99.48
2024,9,25,27.47,92.84,3.77,99.53
2024,9,26,27.36,91.19,3.71,99.38
2024,9,27,27.17,91,2.69,99.57
2024,9,28,27.19,91.01,3.13,99.69
2024,9,29,28.15,86.84,1.66,99.89
2024,9,30,27.6,88.6,3.46,99.81
2024,10,1,27.44,86.82,3.48,99.6
2024,10,2,27.32,87.29,3.28,99.52
2024,10,3,28.22,84.69,3.37,99.5
2024,10,4,28.23,83.62,2.29,99.59
2024,10,5,28.11,80.63,2,99.81
2024,10,6,27.93,78.31,1.1,100.07
2024,10,7,27.31,86.86,1.92,100.24
2024,10,8,26.87,86.8,2.95,100.27
2024,10,9,27.08,84.15,2.16,100.06
2024,10,10,26.06,84.4,3.03,99.97
2024,10,11,25.32,84.22,4.02,99.96
2024,10,12,24.6,83.19,3.35,100.11
2024,10,13,24.68,83.42,3.07,100.24
2024,10,14,24.73,81.73,2.59,100.25
2024,10,15,25.66,81.22,2.33,100.14
2024,10,16,24.89,73.74,2.03,100.12
2024,10,17,24.57,72.49,1.71,100.15
2024,10,18,25.14,77.43,1.71,100.14
2024,10,19,25.15,77.45,2.17,100.22
2024,10,20,24.8,74.72,1.91,100.34
2024,10,21,24.17,76.51,2,100.34
2024,10,22,24.28,79.63,2.43,100.34
2024,10,23,24.91,82.16,2.42,100.19
2024,10,24,25.67,84.5,2.63,100.03
2024,10,25,25.42,84.82,2.7,100.1
2024,10,26,24.96,85.41,2.94,100.11
2024,10,27,25.98,82.51,2.46,99.97
2024,10,28,25.81,83.98,1.53,99.93
2024,10,29,26.17,82.43,1.82,99.98
2024,10,30,25.64,77.39,2.25,100.09
2024,10,31,24.98,76.11,3.16,100.13
2024,11,1,24.62,74.07,3.24,100.25
2024,11,2,23.64,62.44,1.76,100.42
2024,11,3,23.43,60.41,1.26,100.45
2024,11,4,22.83,68.06,1.57,100.37
2024,11,5,24.25,74.47,1.5,100.45
2024,11,6,25.07,71.32,1.12,100.52
2024,11,7,24.6,70.36,1.41,100.51
2024,11,8,24.52,72.55,1.48,100.48
2024,11,9,24.59,68.12,1.34,100.49
2024,11,10,24.07,70.56,2.22,100.51
2024,11,11,23.9,71.31,1.75,100.47
2024,11,12,23.03,70.09,2.58,100.44
2024,11,13,22.4,67.42,2.57,100.35
2024,11,14,21.67,65.86,2.65,100.49
2024,11,15,20.74,65.85,3.5,100.47
2024,11,16,21.04,65.51,3.13,100.33
2024,11,17,20.97,65.8,3.41,100.35
2024,11,18,20.74,67.1,2.73,100.48
2024,11,19,19.87,69,2.75,100.61
2024,11,20,17.94,68.32,2.6,100.58
2024,11,21,17.2,63.86,2.55,100.55
2024,11,22,16.9,66.85,2.63,100.53
2024,11,23,17.4,68.89,2.44,100.6
2024,11,24,18.27,72.37,2.99,100.58
2024,11,25,18.64,68.98,3.09,100.57
2024,11,26,18.15,66.44,3.1,100.54
2024,11,27,17.79,63.52,2.49,100.52
2024,11,28,18.52,55.85,1.54,100.64
2024,11,29,18.08,57.07,1.95,100.67
2024,11,30,17.15,60.79,2.56,100.53
2024,12,1,16.86,62,2.43,100.38
2024,12,2,17.97,58.69,1.98,100.4
2024,12,3,18.45,59.46,2.52,100.5
2024,12,4,18.94,58.55,3.87,100.42
2024,12,5,18.4,60.86,3.97,100.43
2024,12,6,17.22,58.33,3.57,100.36
2024,12,7,17.39,55.75,2.3,100.38
2024,12,8,18.47,52.96,1.47,100.39
2024,12,9,18.58,60.56,2.14,100.36
2024,12,10,15.68,57.03,3.78,100.57
2024,12,11,13.93,56.65,3.32,100.7
2024,12,12,13.26,49.52,3.49,100.58
2024,12,13,12.84,47.64,3.99,100.66
2024,12,14,13.48,50.23,2.9,100.8
2024,12,15,13.51,51.95,2.57,100.92
2024,12,16,13.68,53.74,2.59,100.74
2024,12,17,14.68,56.25,2.71,100.62
2024,12,18,14.9,54.82,2.51,100.57
2024,12,19,15.94,52.92,1.39,100.61
2024,12,20,16.52,55.32,1.48,100.48
2024,12,21,15.73,58.57,2.02,100.5
2024,12,22,16.47,49.23,1.89,100.62
2024,12,23,17.93,51.82,1.51,100.61
2024,12,24,18.78,63.12,2.21,100.53
2024,12,25,17.16,80.43,1.73,100.8
2024,12,26,20.05,71.19,1.43,100.99
2024,12,27,21.06,61.77,1.66,100.94
2024,12,28,17.52,78.27,2.95,100.83
2024,12,29,18.6,75.17,3.08,100.8
2024,12,30,16,65.29,3.78,100.87
2024,12,31,14.47,61.64,2.95,101
2025,1,1,12.83,52.76,3.37,100.81
2025,1,2,13.38,51.72,2.93,100.8
2025,1,3,13.96,52.82,2.36,100.79
2025,1,4,15.55,52.52,1.41,100.69
2025,1,5,16.44,55.32,1.52,100.67
2025,1,6,18.3,56.87,1.86,100.52
2025,1,7,15.29,61.29,4,100.6
2025,1,8,13.28,56.57,3.57,100.66
2025,1,9,13.67,49.83,1.98,100.86
2025,1,10,15.55,42.26,1.37,101
2025,1,11,16.57,43.97,1.62,100.92
2025,1,12,17,58.77,2.37,100.79
2025,1,13,16.84,68.6,3.43,100.73
2025,1,14,15.23,56.5,2.45,100.91
2025,1,15,15.55,48.17,1.57,101.05
2025,1,16,16.77,48.27,1.61,100.97
2025,1,17,17.54,61.01,3.23,100.83
2025,1,18,16.26,53.41,3.7,100.76
2025,1,19,15.62,46.77,3.73,100.65
2025,1,20,17.9,53.61,4.66,100.42
2025,1,21,18.57,56.48,4.39,100.32
2025,1,22,18.78,54.61,3.17,100.38
2025,1,23,19.45,50.94,2.7,100.41
2025,1,24,19.56,48.89,3.57,100.42
2025,1,25,16.49,38.24,3.76,100.51
2025,1,26,16.28,36.96,2.42,100.54
2025,1,27,15.71,32.03,3.07,100.32
2025,1,28,16.07,31.59,2.6,100.37
2025,1,29,18.46,25.81,1.27,100.55
2025,1,30,18.91,30.46,2.59,100.2
2025,1,31,21.22,29.66,2.03,100.14
2025,2,1,21.98,33.6,1.78,100.28
2025,2,2,21.45,33.06,2.84,100.35
2025,2,3,20.24,35.99,3.45,100.4
2025,2,4,22.3,36.19,2.47,100.4
2025,2,5,23,42.99,3.66,100.22
2025,2,6,19.38,26.79,4.93,100.46
2025,2,7,17.6,25.92,5,100.57
2025,2,8,17.63,27.43,3.62,100.52
2025,2,9,18.66,27.44,3.38,100.42
2025,2,10,20.54,26.47,3.21,100.4
2025,2,11,21.12,28.79,4.1,100.3
2025,2,12,21.73,30.97,3.61,100.29
2025,2,13,20.51,25.4,5.31,100.36
2025,2,14,19.3,22.86,4.84,100.28
2025,2,15,20.51,26.74,3.46,100.22
2025,2,16,22.12,28.35,2.42,100.26
2025,2,17,21.99,31.89,2.71,100.5
2025,2,18,23.19,30.54,2.46,100.45
2025,2,19,23.08,29.09,2.06,100.33
2025,2,20,23.2,29.19,2.71,100.44
2025,2,21,23.86,31.7,2.4,100.49
2025,2,22,23.51,34.14,2.8,100.51
2025,2,23,21.34,28.61,3.37,100.68
2025,2,24,21.34,27.44,3.05,100.8
2025,2,25,21.3,26.34,2.51,100.9
2025,2,26,22.23,28.91,1.59,100.91
2025,2,27,24.38,32.1,2.6,100.59
2025,2,28,25.73,32.15,2.09,100.35
2025,3,1,26.06,33.41,2.98,100.18
2025,3,2,26.23,34.11,4.23,100.03
2025,3,3,25.18,28.6,4.67,100.16
2025,3,4,25.97,26.35,5.09,100.1
2025,3,5,22.4,18.28,5.91,100.12
2025,3,6,21.51,15.67,3.35,100.27
2025,3,7,22.02,16.37,3.1,100.08
2025,3,8,24,16.48,3.04,99.94
2025,3,9,24.41,16.53,1.85,100.32
2025,3,10,24.56,22.78,2.6,100.59
2025,3,11,26.88,21.81,2.81,100.37
2025,3,12,28.73,21.25,4.31,99.85
2025,3,13,29.17,22.54,3.31,99.73
2025,3,14,30.57,20.84,2.31,99.82
2025,3,15,30.49,22.56,2.68,99.99
2025,3,16,31.52,21.81,2.86,99.92
2025,3,17,30.06,26.37,4.14,99.95
2025,3,18,27.38,21.47,5.16,100.13
2025,3,19,26.96,18.68,3.86,100.29
2025,3,20,29.35,17.01,1.89,100.38
2025,3,21,29.71,22.57,2.28,100.28
2025,3,22,27.7,20.26,2.98,100.28
2025,3,23,27.32,28.81,2.45,100.46
2025,3,24,27.61,24.55,1.93,100.4
2025,3,25,28.22,19.53,2.5,100
2025,3,26,29.72,16.23,3.51,99.71
2025,3,27,31.19,15.9,4.72,99.52
2025,3,28,32.24,18.34,5.18,99.52
2025,3,29,28.57,8.8,5.11,99.74
2025,3,30,27.3,7.47,4.45,99.93
2025,3,31,28.44,9.89,3.88,99.91
2025,4,1,28.82,10.69,4.02,99.85
2025,4,2,30.15,12.38,3.92,100.02
2025,4,3,30.45,21.23,3.44,100.13
2025,4,4,31.37,15.33,4.54,99.97
2025,4,5,31.21,15.79,3.98,99.79
2025,4,6,32.45,13.56,1.88,99.72
2025,4,7,32.85,14.85,1.87,99.88
2025,4,8,32.39,28.83,2.67,100.03
2025,4,9,32.92,29.64,2.19,99.81
2025,4,10,31.24,40.94,2.85,99.54
2025,4,11,30.97,45.59,1.87,99.47
2025,4,12,32.15,33.52,2.53,99.6
2025,4,13,31.73,32.63,3.05,99.84
2025,4,14,29.53,43.76,2.34,99.93
2025,4,15,30.99,44.69,3.43,99.89
2025,4,16,31.28,39.4,2.29,99.78
2025,4,17,32.62,32.26,1.96,99.6
2025,4,18,32.96,36.62,3.2,99.51
2025,4,19,32.19,42.54,2.98,99.6
2025,4,20,34.43,34.1,2.23,99.51
2025,4,21,35.4,26.29,2.41,99.63
2025,4,22,35.03,17.49,3.95,99.65
2025,4,23,33.97,10.25,4.99,99.46
2025,4,24,33.41,7.53,4.3,99.37
2025,4,25,34.44,8.95,3.27,99.43
2025,4,26,36.31,9.41,1.92,99.4
2025,4,27,35.22,15.07,4.5,99.55
2025,4,28,32.62,18.08,2.35,99.65
2025,4,29,31.73,31.91,4.62,99.68
2025,4,30,32.2,36.15,5.13,99.81
2025,5,1,32.92,35.03,4.1,99.9
2025,5,2,32.25,37.23,3.52,99.85
2025,5,3,33.96,29.94,2.32,99.61
2025,5,4,34.1,30.79,3.1,99.52
2025,5,5,33.9,34.24,3.13,99.55
2025,5,6,32.48,36.2,2.35,99.63
2025,5,7,33.53,35.33,2.08,99.52
2025,5,8,33.96,39.15,2.62,99.61
2025,5,9,32.56,40.84,3.73,99.76
2025,5,10,34.74,36.07,3.29,99.64
2025,5,11,36,34.35,3.51,99.41
2025,5,12,36.16,31.71,4.3,99.24
2025,5,13,36.02,25.97,4.11,99.27
2025,5,14,36.79,24.87,3.73,99.32
2025,5,15,37.31,21.57,2.74,99.35
2025,5,16,37.58,18.51,2.73,99.29
2025,5,17,37.25,18.66,2.71,99.3
2025,5,18,37.02,23.8,2.77,99.36
2025,5,19,37.14,30.4,3.51,99.3
2025,5,20,36.94,34.29,3.06,99.17
2025,5,21,37.13,32.54,2.93,99.26
2025,5,22,35.52,40.41,3.28,99.3
2025,5,23,34.93,41.44,1.61,99.16
2025,5,24,33.95,41.62,3.19,99.26
2025,5,25,33.87,44.93,4.88,99.41
2025,5,26,32.93,51.4,4.09,99.25
2025,5,27,34.62,49.95,3.64,98.96
2025,5,28,36.3,41.41,3.02,98.78
2025,5,29,37.22,39.28,2.22,98.57
2025,5,30,38.2,33.72,2.17,98.49
2025,5,31,37.33,29.14,4.24,98.78
2025,6,1,37.01,27.31,5.36,98.85
2025,6,2,37.44,24.75,5.26,98.9
2025,6,3,36.85,29.12,4.39,99.1
2025,6,4,34.21,34.6,1.54,99.41
2025,6,5,34.06,36.35,2.41,99.62
2025,6,6,35.38,29.92,2.31,99.59
2025,6,7,36.28,24,1.31,99.47
2025,6,8,36.76,22.44,2.08,99.26
2025,6,9,37.55,25.77,2.87,99.1
2025,6,10,38.33,28.75,3.86,99
2025,6,11,38.6,32.67,4.35,99.04
2025,6,12,38.82,32.05,4.47,99.07
2025,6,13,38.86,32.11,3.8,99.1
2025,6,14,39.4,31.24,1.57,98.89
2025,6,15,39.53,31.64,2.54,98.76
2025,6,16,37.82,38.08,3.18,98.76
2025,6,17,35.33,50.36,3.08,98.92
2025,6,18,32.07,66.34,2.05,98.87
2025,6,19,33.37,58.23,2.94,98.79
2025,6,20,32.73,60.82,3.18,98.95
2025,6,21,31.98,66.66,2.3,98.95
2025,6,22,32.79,64.57,3.34,98.89
2025,6,23,31.72,65.31,3.07,98.79
2025,6,24,33.26,61.18,2.11,98.72
2025,6,25,33.21,61.5,4.67,98.96
2025,6,26,33.1,60.8,6.01,99.08
2025,6,27,31.81,66.31,4.31,99.03
2025,6,28,32.14,67.6,1.79,98.88
2025,6,29,31.47,71.84,1.64,98.79
2025,6,30,32.43,67.29,1.99,98.75
2025,7,1,30.99,74.27,3.42,98.82
2025,7,2,31.29,72.34,4.94,98.83
2025,7,3,30.96,73.45,4.49,98.92
2025,7,4,31.66,69.93,3.05,98.9
2025,7,5,31.36,72.26,2.32,98.84
2025,7,6,32.06,66.76,3.31,98.8
2025,7,7,32.11,66.82,4.34,98.8
2025,7,8,32.96,63.33,2.32,98.87
2025,7,9,32.18,63.09,4.21,99.04
2025,7,10,30.88,69.48,4.12,99.11
2025,7,11,29.45,74.92,2.7,99.14
2025,7,12,30.55,77,2.57,99.06
2025,7,13,29.99,82.11,2.87,99.12
2025,7,14,29.73,81.23,2.49,99.14
2025,7,15,30.05,77.32,2.51,99.08
2025,7,16,28.23,87,4.11,98.89
2025,7,17,28.27,85.84,7.2,99.07
2025,7,18,29.46,80.08,2.5,99.35
2025,7,19,29.44,78.61,3.5,99.04
2025,7,20,28.18,81.68,2.82,99.06
2025,7,21,30.9,75.27,1.04,99.14
2025,7,22,30.07,80.58,2.36,99
2025,7,23,30.36,83.09,2.32,98.71
2025,7,24,30.66,81.68,1.51,98.51
2025,7,25,30.45,82.44,2.08,98.5
2025,7,26,29.84,83.56,6.91,98.44
2025,7,27,30.22,82.5,3.6,98.6
2025,7,28,28.32,88.53,3.04,98.72
2025,7,29,29.25,85.64,3.9,98.74
2025,7,30,29.45,86.53,3.17,98.85
2025,7,31,28.6,86.99,2.68,99.04
2025,8,1,28.78,84.96,3.76,99.11
2025,8,2,29.16,89.61,3.48,99.1
2025,8,3,28.05,92.38,3.53,99.29
2025,8,4,27.4,91.48,5.3,99.47
2025,8,5,28.15,86.78,3.24,99.58
2025,8,6,28.19,86.08,3.26,99.5
2025,8,7,28.66,86.92,3.71,99.32
2025,8,8,28.12,93.03,3.64,99.38
2025,8,9,28.04,89.75,2.58,99.64
2025,8,10,28.51,85.73,2.91,99.51
2025,8,11,28.99,88.24,2.37,99.37
2025,8,12,29.41,89.25,2.89,99.19
2025,8,13,29.22,87.88,2.11,99.26
2025,8,14,28.31,86.54,3.74,99.51
2025,8,15,28.25,85.97,3.04,99.31
2025,8,16,28.45,84.96,3.01,99.21
2025,8,17,28.89,85.39,3.31,99.29
2025,8,18,28.78,87.2,4.5,99.41
2025,8,19,28.53,86.01,5.2,99.29
2025,8,20,28.54,86.64,5.08,99.24
2025,8,21,28.8,86.14,2.47,99.28
2025,8,22,28.71,86.84,2.12,99.16
2025,8,23,28.73,87.38,1.78,99.01
2025,8,24,28.17,89.14,2.75,99
2025,8,25,27.98,90.06,3.92,99.18
2025,8,26,28.74,85.32,2.02,99.42
2025,8,27,28.81,85.09,2.52,99.32
2025,8,28,28.41,87.41,4.02,99.3
2025,8,29,28.65,87.74,3.89,99.38
2025,8,30,28.77,86.78,2.14,99.56
2025,8,31,28.36,88.4,2.59,99.44
2025,9,1,29.02,86.42,2.55,99.19
2025,9,2,27.74,91.96,2.89,99.25
2025,9,3,27.89,88.5,4.22,99.33
2025,9,4,27.8,89.46,5.63,99.33
2025,9,5,28.35,86.17,2.92,99.54
2025,9,6,28.65,84.38,1.92,99.63
2025,9,7,28.76,83.73,2.37,99.58
2025,9,8,29.04,85.37,2.05,99.58
2025,9,9,28.74,89.11,2.37,99.67
2025,9,10,28.24,92.35,3.47,99.57
2025,9,11,28.23,87.89,2.7,99.6
2025,9,12,27.92,85.66,1.76,99.72
2025,9,13,29.5,81.01,1.28,99.71
2025,9,14,29.83,81.98,1.71,99.66
2025,9,15,28.25,88.66,1.93,99.59
2025,9,16,27.45,88.4,1.55,99.57
2025,9,17,27.23,90.76,2.72,99.6
2025,9,18,28.04,86.72,2.28,99.63
2025,9,19,27.65,88.12,2.26,99.69
2025,9,20,27.43,91.5,2.74,99.54
2025,9,21,28.44,86.04,2.25,99.48
2025,9,22,28.37,84.15,2.29,99.53
2025,9,23,28.49,82.61,1.87,99.47
2025,9,24,28.96,83.01,1.59,99.29
2025,9,25,29.03,82.9,1.48,99.35
2025,9,26,29.29,82.93,2.2,99.48
2025,9,27,27.8,91.15,4.37,99.69
2025,9,28,27.82,86.17,3.48,99.73
2025,9,29,28.33,83.57,1.71,99.57
2025,9,30,28.39,84.46,1.46,99.42
2025,10,1,28.51,86.03,1.74,99.39
2025,10,2,26.46,90.79,3.49,99.75
2025,10,3,26.03,94.29,4.72,99.83
2025,10,4,26.53,92.98,4.43,99.5
2025,10,5,27.42,84.81,2.87,99.8
2025,10,6,26.96,85.39,2.16,99.95
2025,10,7,26.9,82.68,2.18,100.01
2025,10,8,26.91,82.72,1.64,100.05
2025,10,9,25.13,86.76,3.13,100.2
2025,10,10,23.47,83.98,3.08,100.18
2025,10,11,23.31,82.75,2.98,100.17
2025,10,12,22.71,81.7,2.7,100.2
2025,10,13,23.55,78.93,2.26,100.3
2025,10,14,23.69,76.03,1.77,100.2
2025,10,15,23.35,80.45,2.44,100.16
2025,10,16,23.29,81.18,2.48,100.14
2025,10,17,23.52,76.25,2.07,100.28
2025,10,18,23.72,74.7,1.63,100.24
2025,10,19,23.75,75.86,1.89,100.18
2025,10,20,24.01,77.98,1.75,100.23
2025,10,21,25.3,79.58,1.39,100.32
2025,10,22,25.59,83.7,1.73,100.31
2025,10,23,25.36,84.89,1.95,100.21
2025,10,24,25.9,78.63,1.28,100.18
2025,10,25,25.9,77.98,1.49,100.17
2025,10,26,25.73,81.12,1.27,100.26
2025,10,27,25.53,85.25,1.3,100.32
2025,10,28,24.9,88.17,3.12,100.28
2025,10,29,24.45,90.64,3.08,100.16
2025,10,30,23.91,92.96,5.54,100.07
2025,10,31,24.66,90.5,3.55,99.86
2025,11,1,23.95,87.95,3.75,100.05
2025,11,2,23.22,85.04,3.19,100.12
2025,11,3,22.07,84.1,3.81,100.04
2025,11,4,20.7,78.93,2.74,100.06
2025,11,5,21.93,80.53,3.05,99.92
2025,11,6,21.64,80.57,3.43,100.09
2025,11,7,18.55,75.18,3.42,100.4
2025,11,8,17.57,78.58,3.29,100.48
2025,11,9,16.37,79.44,3.53,100.36
2025,11,10,15.86,79.14,3.25,100.38
2025,11,11,16.4,80.37,3.3,100.42
2025,11,12,16.75,79.48,3.18,100.51
2025,11,13,16.61,77.47,2.97,100.67
2025,11,14,16.3,79.3,2.93,100.65
2025,11,15,15.78,74.38,2.69,100.79
2025,11,16,15.24,77.88,2.72,100.91
2025,11,17,16.32,76.45,1.71,100.88
2025,11,18,16.71,75.95,2.08,100.72
2025,11,19,17.39,77.43,1.66,100.72
2025,11,20,17.86,76.97,1.82,100.77
2025,11,21,18.06,80.29,1.83,100.83
2025,11,22,18.35,85.51,2.55,100.69
2025,11,23,17.43,83.21,2.71,100.71
2025,11,24,16.61,76.84,2.27,100.84
2025,11,25,15.92,77.63,3,100.77
2025,11,26,15.73,72.46,2.25,100.83
2025,11,27,15.9,69.39,1.92,100.92
2025,11,28,15.44,77.84,2.51,100.78
2025,11,29,15.88,80.51,2.85,100.59
2025,11,30,16.76,80.29,3.16,100.54
2025,12,1,16.76,74.93,2.36,100.56
2025,12,2,16.21,76.02,2.63,100.53
2025,12,3,16.36,80.66,2.79,100.76
2025,12,4,15.4,75.91,3.03,100.87
2025,12,5,13.17,74.57,2.92,101.03
2025,12,6,12.82,76.23,3.21,100.95
2025,12,7,13.4,80.49,3.01,100.86
2025,12,8,13.49,82.06,3.06,100.79
2025,12,9,13.84,81.59,3.05,100.77
2025,12,10,13.44,79.52,2.74,100.82
2025,12,11,13.1,78.71,2.96,100.72
2025,12,12,14.22,76.85,2.22,100.67
2025,12,13,14.95,72.63,1.21,100.76
2025,12,14,15.26,73.92,1.4,100.87
2025,12,15,14.5,82.54,2.29,100.84
2025,12,16,14.65,85.32,2.89,100.75
2025,12,17,13.57,79.44,2.68,100.86
2025,12,18,12.74,81.24,2.09,100.86
2025,12,19,11.83,85.02,2.29,100.69
2025,12,20,12.47,78.69,1.71,100.66
2025,12,21,12.78,77.57,0.76,100.82
2025,12,22,13.13,80.85,1.26,100.8
2025,12,23,12.94,84.04,2.74,100.6
2025,12,24,14.36,79.06,3.24,100.56
2025,12,25,13.25,73.53,2.31,100.73
2025,12,26,12.23,73.27,2.32,100.78
2025,12,27,11.8,77.95,2.42,100.74
2025,12,28,11.85,79.74,2.28,100.84
2025,12,29,11.55,79.65,2.33,100.81
2025,12,30,12.6,71.29,2.66,100.6
2025,12,31,13.43,64.09,1.7,100.47
2026,1,1,14.21,68.54,1.8,100.55
